blend_id,00f815e2-e93a-4bac-9e2b-9733d77ab1ea,049e5cb9-9c20-438c-9ef2-96870712a0be,04f20f18-f2e2-4864-90da-f0c4362ca79a,085c81d0-1885-4560-a4d3-08f9c0d108e2,11dbe402-b372-464a-9a91-8a142d8724e5,132b1739-f7f7-4450-89b4-6d13fad0b6f2,161776ad-2131-4557-a1f2-995bacb90bf0,1667ebbd-5a03-4789-a385-c9b9e2395f96,18ddc15f-51bb-4f95-936a-64c9f3c453e6,1c62da11-9c80-4f94-a519-f6cdcf7662dc,227542be-0884-44dd-afbd-cbe2fd8338bf,24acf244-3846-49a7-be19-ebbff58fde91,2aef9bbe-072f-4dea-aa76-036fb022a1e5,2bf4e562-53bd-4e6f-9f83-c30a892170e1,2efb9b14-01bf-43bf-bd8b-bcd4675f040d,33fd9876-db06-478c-8993-17dd5d9d698a,45496a42-6a86-40fd-bdf6-9451c9c0641b,4c7a51f1-dc82-41dc-92fa-772535c2c70c,4d43ef8b-f3d2-406c-810e-4e1aa6f4d36b,4e3b4ddc-7a7e-43e6-bd1c-64c4aaa8b2c0,4ff1ad46-aa06-4344-875e-a1f33ac094a7,50d7e65f-df1c-4e73-8961-9608846cf1d3,52178b55-5b8f-48c4-8e8c-021f1facf40a,53c624b1-f40b-4a31-82e2-6f3e73bbf9da,53d6b944-dbbd-40ee-a5b3-89bd0c983ab9,59a51599-1085-4a3e-9623-0a819b722db3,59f3b39f-737a-47fe-8eee-3aec01555b0b,5b814af6-64df-488a-a05d-6cc4677d1c43,5ccd9b66-2ff5-45d5-9117-e3b1a4a3f892,5cf8e492-dfea-4ecb-8799-a97989c46256,5d79a10f-c1f3-4ca8-85f2-7833c295e3c8,5f1a9612-c626-4f94-8e98-6a103e4f07ef,60da2a12-5991-4aa9-ae4f-9cd012f672b0,61718786-0258-4501-984f-50f515e9ce6c,63ebef72-247d-40fb-a9b6-8987ad42b16d,6473371b-bbbc-4bc0-92da-b783da2a5277,64fc59c5-3d77-4dde-aef9-4bc4a8b39722,662a0731-1523-4070-a8e3-c5e2806cbfcb,6778cdc9-8a45-4592-9da9-9670a616ec35,719499f0-1923-439b-821e-47594974dcb2,71ad7f42-90b8-44af-a78d-95e9bce18480,76287f81-2806-481a-8dc6-7274a761e2f9,769fabb5-2459-49d0-bf43-62e2921520ac,773bed06-8a5f-4f72-a9fd-89dac602ba20,78cb28c6-8e47-42b3-8568-4829b634301a,7c8a81df-b7e7-4507-aab1-79a61fce7887,7cd9a217-5ed5-474e-9566-f9d67ee7f4e1,7eef1eae-b625-40f0-bc54-9ee4eb2abeb3,7fa1099c-cc3d-4bc2-ab0b-daa4fce8002e,7fde038e-937b-4420-a4de-daf51b2ab54a,80445e43-cf82-4c0f-a53b-fe645d67f2f4,80fef28d-3b7f-45df-a889-eacfa39673d4,834c8f63-4212-4e7e-b28e-2c79a42eb52f,90b442e5-5d9c-4aa8-a1d4-4ba384d10874,90f8d10d-0094-4188-b5de-85b71db78859,928fc6d7-374c-45c9-99bd-39de63a3f140,943ccc3a-58c3-4ef7-a41f-02aa4956aeb1,94d89046-80c9-41a8-9d0c-d587d9ed18c2,96378e41-34be-4718-94cd-15bbf8276def,99f126a5-435a-40e7-bc31-c2b42e32aab7,9a5290f3-d43b-424f-9a4f-b68c4abf718a,9c282e4a-84af-4cf2-abfb-fb4b6eb1ad20,9e2de643-ddca-487e-b9e7-69b25d8662bf,9e87f31b-a049-464c-bc75-fd17bb9b98b0,9fa62975-847a-469e-bd3e-e0e133141ab0,a21ee2d5-8f50-40ce-b0b4-d6aec1130eee,a3312e2a-ad4e-42de-8d5a-533d85346b4d,a4b657dc-6c1b-4039-987c-af72aeae387a,a7e1eb76-5329-41f9-87af-a3c0bcc04c06,a8bc9c11-42cb-4452-8cc8-8f96eb3d7705,a915d87d-cf09-4aad-b84a-626778d5c019,a9c8d1ef-2334-4050-b634-804c968c9a08,aa05ca42-92ba-4e72-8969-b9446281f277,ad7e6027-00b8-4c27-918c-d1561f949ad8,b17c80da-d1f5-4705-959d-923c14253119,b2f24d32-97e1-46f2-94ec-89bd9e30ff0e,b34a1cc1-5998-4c18-b91e-89c2450d4e83,b38cd6d1-cc71-4771-9d9c-7b37ae274fe9,b3e785a4-8385-4654-b045-880de4c3afd1,b66d6e5c-747b-46b7-a050-a36acbee020f,b7cfc59a-c869-4aa3-b6dc-250db0c8fd33,bb81c562-5ae1-41cd-817c-0d80e41168ca,c97c9cdb-a28a-499d-9da3-e769290b05d7,ca391f34-26e7-4427-a96e-326f560c36b2,cba8acaa-efa7-4e04-9793-0b95020878be,d1e22cd4-a828-4e1a-9bbe-34d342c1980b,d6eff30f-788e-48a2-b2bd-cbba188f4e63,d733a865-4f57-476d-a850-32587a38ba91,d7651afb-daba-4d99-bab9-ec17ae0f30ca,d85f925a-fcd4-40c6-a710-b60605a939d3,d8781211-58fd-4220-ba55-61ccd6d8b558,e08049e5-b6df-4014-b6c1-0eff02a30b39,e1393ee4-f97f-405d-b4ad-208cb3a46bc0,e238dd99-a730-4333-9ef0-85a3faaa4ff0,e6a39b44-cb14-4221-aaa6-f26fd946e68e,ea2ecdb7-115a-4fbe-8438-3a1cfc3a6469,eb35a9fb-06b7-4a34-8aa2-d3026efac4ed,ebe9475f-b29f-4ffd-86af-a16a8321f1ee,ece02549-5425-42dc-af7d-c3f53d480ca6,eff11261-8c41-4965-9692-fb8336e5b0e1,f3279986-966f-426d-8408-76aadba71553,f6cc205c-a44d-40e5-9462-2eab4a673e2a,fffabb0e-628a-43e5-85a8-73d314d910c1
007b4d7a-b1f8-11ed-93b4-005056921581,,0.016,,,,,,,,,,,,,,-54.0,,7.480000000000001,,,,,,,,,,,,20.0,,10.0,,,,,,,,,,,,,,,,,,,,,,,,,,,,,,,10.0,,,,,,,,,,,13360.0,,,,,,,,,,,,,,,,,,,,,,,,,,,,,
0109d480-f91d-11ec-96ac-005056921581,,0.034,,,,,,,,,,,,,,-43.0,,16.81,,,,,,,,,,,,10.0,,0.0,,,,,,,,,,,,,,4.74,,,,169.0,,,,,,,,,,,,,0.0,,,,,,,,,,,111400.0,,,,,,,,,,,,,,,,,,,,,,,,,,,,,
01bc9ed0-0f2f-11ed-9900-005056921581,,,,,,,,,,,,,,,,-49.0,,7.5,,,,,,,,,,,,20.0,,10.0,,,,,,,,,,,,,,4.32,,,,,,,,,,,,,,,,,10.0,,,,,,,,,,,16325.0,,,,,,,,,,,,,,,4.0,,,,,,,,,,,,,,
01d12ce2-ddec-11ed-8992-005056921581,,,,,,,,,,,,,,,,-60.0,,6.98,,,,5210.0,,,,,,,,,,,,,,,,,,,,,,,,3.72,,,,,,,,,,,,,,,,,,,,,,,,,,,,12530.0,,,,,,,,,,,,,,,,,,,,,,,,,,,,,
01eae8bc-1885-11ed-98cd-005056921581,,,,,,,,,,,,,,,,-43.0,,9.46,,,,,,,,,,,,,,,,,,,,,,,,,,,,6.1,,,,,,,,,,,,,,,,,,,,,,,,,,,,65940.0,,,,,,,,,,,,,,,,,,,,,,,,,,,,,
0366a302-d9cd-11ed-96ad-005056921581,,,,,,,,,,,,,,,,-58.0,,7.09,,,,3787.0,,,,,,,,,,,,,,,,,,,,,,,,3.86,,,,,,,,,,,,,,,,,,,,,,,,,,,,6806.0,,,,,,,,,,,,,,,,,,,,,,,,,,,,,
037e9272-e5a9-11ed-8950-005056921581,,,,,,,104.1,,,,3.5,,,,1.62,-42.0,-0.01,16.51,,0.83,,,,,,,,,,10.0,,10.0,,,,,,,1.29,,,,,,,16.51,,,,172.0,,,,,120.0,,,,,,9.51,,0.0,,,,,,4136.0,,,,,98500.0,,,,,,,,7.81,,,,,,,,0.35,,,9.9,,192.0,,,,,,,,
03f8d734-5441-11ed-993d-005056921581,,,,,,,,,,,,,,,,-53.0,,7.47,,,,,,,,,,,,,,,,,,,,,,,,,,,,3.77,,,,,,,,,,,,,,,,,,,1268.0,,,,,,,,,14435.0,,,,,,,,,,,,,,,3.1,,,,,,,,,,,,,,
043e4af2-a2fc-11ee-850f-005056921581,,,,,,,,,,,,,,,,-52.0,,7.27,,,,,,,,,,,,,,,,,,,,,,,,,,,,,,,,,,,,,,,,,,,,,,4.75,2431.0,,,,,,,,,18840.0,,,,,,,,,,,,,,,,,,,,,,,,,,,,,
04aed446-6beb-11ed-87f9-005056921581,,,,,,,,,,,,,,,,-62.0,,8.36,,,,,,,,,,,,,,,,,,,,,,,,,,,,,,,,,,,,,,,,,,,,,,4.37,,,,,,,,,,7416.0,,,,,,,,,,,,,,,,,,,,,,,,,,,,,
068c0fcc-b642-11ec-8ff7-005056921581,,,,,,,,,,,,,,,,-43.0,,15.19,,,,,,,,,,,,,,,,,,,,,,,,,,,,4.76,,,,,,,,,,,,,,,,,,,,,,,,,,,,113550.0,,,,,,,,,,,,,,,,,,,,,,,,,,,,,
083a8a14-3807-11ed-9a4d-005056921581,,0.016,,,,,36.57,,,,,,,,,-53.0,,7.65,,,,,,,,,,,,20.0,,40.0,,,,,,,,,,857.7,,,,4.19,,854.6,,185.0,,,,,,,,,,,,,30.0,,2399.0,,,,,,,,,16225.0,,,,,,,,,,,,,,,3.94,,,,,,,,,225.0,,,,,
0881a55a-40bf-11ed-9f68-005056921581,,,,,,,,,,,,,,,,-50.0,,7.88,,,,,,,,,,,,,,,,,,,,,,,,,,,,5.23,,,,,,,,,,,,,,,,,,,6059.0,,,,,,,,,,,,,,,,,,,,,,,,,,,,,,,,,,,,,,
096a5168-6113-11ee-9304-005056921581,,,,,,,,,,,,,,,,-64.0,,7.39,,,,,,,,,,,,,,,,,,,,,,,,,,,,4.4,,,,,,,,,,,,,,,,,,,,,,,,,,,,5179.0,,,,,,,,,,,,,,,,,,,,,,,,,,,,,
0b48031c-5067-11ed-8429-005056921581,,,,,,,,,,,,,,,,-53.0,,7.53,,,,,,,,,,,,,,,,,,,,,,,,,,,,3.8100000000000005,,,,,,,,,,,,,,,,,,,1382.0,,,,,,,,,14445.0,,,,,,,,,,,,,,,3.12,,,,,,,,,,,,,,
0b8931aa-1ff3-11ee-8a17-005056921581,,,,,,,,,,,,,,,,-40.0,,15.76,,,,,,,,,,,,,,,,,,,,,,,,,,,,,,,,,,,,,,,,,,,,,,,,,,,,,,,,172500.0,,,,,,,,,,,,,,,,,,,,,,,,,,,,,
0c1e84d8-b967-11ec-824f-005056921581,,,,,,,,,,,,,,,,-42.0,,15.44,,,,,,,,,,,,10.0,,0.0,,,,,,,,,,,,,,,,,,,,,,,,,,,,,,,0.0,,,,,,,,,,,130450.0,,,,,,,,,,,,,,,,,,,,,,,,,,,,,
0da59288-2b80-11ee-8b54-005056921581,,,,,,,,,,,,,,,,-40.0,,15.820000000000002,,,,,,,,,,,,20.0,,10.0,,,,,,,,,,848.6,,,,4.52,,845.4,,,,,,,,,,,,,,,10.0,,,,,,,,,,,76188.0,,,,,,,,,,,,,,,,,,,,,,,,,,,,,
0e4dc594-4548-11ed-95be-005056921581,,,,,,2163.7,,1.0,,,,,350.0,,,-49.0,,7.71,,,,,,4.19,,,12.97,,,10.0,,10.0,,,,,823.0,,,,,,,,0.4600000000000001,5.22,6.71,,,,,,,,,,,,,,,,10.0,,5959.0,,,38.63,,,42.82,,,37200.0,,,9.79,,,7.71,,,,,1960.0,,,,,,,,,,,0.265,,,,,,,
0f938e64-c64a-11ee-9962-005056921581,,,,,,,,,,,,,,,,-42.0,,25.32,,,,,,,,,,,,,,,,,,,,,,,,,,,,,,,,,,,,,,,,,,,,,,,,,,,,,,,,160300.0,,,,,,,,,,,,,,,,,,,,,,,,,,,,,
10290fd4-ab76-11ec-9d4e-005056921581,,,,,,,,,,,,,,,,-41.0,,16.36,,,,,,,,,,,,,,,,,,,,,,,,,,,,4.75,,,,,,,,,,,,,,,,,,,,,,,,,,,,175450.0,,,,,,,,,,,,,,,,,,,,,,,,,,,,,
1036b13a-cc76-11ed-9984-005056921581,,0.166,,,,,113.58,,,,,,,,,-44.0,,16.49,,,,,,,,,,,,20.0,,0.0,,,,,,,,,,874.5,,,3.4,,,871.4,,,,,,,,,,,,,,,0.0,,,,,,,,,,,138500.0,,,,,,,,,,,,,2.171,,,,,,,,,,,,,,,,
11567186-5baf-11ee-821b-005056921581,0.00010000000000000002,0.07,,,,,189.8,,,,,,,,,-46.0,,26.47,,,,,,,,,,,,,,,,,,,,,,,,,,,,,,,,175.0,,,,,,,,,,,,,,,,,,,,,,,,150900.0,,,,,,,,,,,,,0.96,,,,,,,,,,,,,,,0.075,
12610ab4-ddec-11ed-8992-005056921581,,,,,,,,,,,,,,,,-61.0,,6.91,,,,5398.0,,,,,,,,,,,,,,,,,,,,,,,,3.78,,,,,,,,,,,,,,,,,,,,,,,,,,,,12530.0,,,,,,,,,,,,,,,,,,,,,,,,,,,,,
12799772-7cfa-11ec-83a1-005056921581,,,,,,,62.60000000000001,,,,,,,,,-46.0,,11.37,,,,,,,,,,,,,,,,,,,,,,,,,,,,,,,5852.0,178.0,,8.98,,,,,,,,,,,,,,,,,,,,,,43800.0,,,,,,,,,5852.0,,,,,,,,51.63,,,7.0,,,,,,,,,
1368a606-90da-11ed-8e59-005056921581,,,,,,,,,,,,,,,,-55.0,,7.69,,,,,,,,,,,,10.0,,0.0,,,,,,,,,,,,,,4.14,,,,,,,,,,,,,,,,,0.0,,2258.0,,,,,,,,,12515.0,,,,,,,,,,,,,,,3.81,,,,,,,,,,,,,,
145aabec-d921-11ed-8ff0-005056921581,,,,,,,,,,,,,,,,-57.0,,7.02,,,,4002.0,,,,,,,,,,,,,,,,,,,,,,,,3.91,,,,,,,,,,,,,,,,,,,,,,,,,,,,6738.0,,,,,,,,,,,,,,,,,,,,,,,,,,,,,
14ac72cc-7342-11ee-8b1f-005056921581,1929.7105,684.5725,-48.0,12.0,,,19.16,0.01,0.0,,105.69,1.0,,0.0,8.28,-51.0,8.38,4.71,,85.99,77.5,,18.0,-0.43,,1.0,0.21,,980.0,20.0,392.0,0.0,,,0.0,,,,2.16,,14.0,848.7,,,3.69,,4.75,,,177.0,,,,,170.0,2.0,0.0,0.0,,0.0,104.26,,20.0,,,0.0,0.392,19.58,2067.0,11.7,19.15,,0.0,4300.0,0.0,,-2.19,0.0,,4.76,,45.47,,,,1.0,0.325,,,,,0.0,19.82,,85.0,,,213.0,0.0,0.0,,525.063,
14f17b90-4ebf-11ed-8ba0-005056921581,,,,,,,,,,,,,,,,-41.0,,14.089999999999998,,,,,,,,,,,,,,,,,,,,,,,,,,,,,,,,,,,,,,,,,,,,,,6.17,,,,,,,,,,122100.0,,,,,,,,,,,,,,,,,,,,,,,,,,,,,
1633dd1a-41b5-11ee-80bb-005056921581,,,,,,,,,,,,,,,,-53.0,,7.59,,,,,,,,,,,,,,,,,,,,,,,,,,,,,,,,,,,,,,,,,,,,,,,,,,,,,,,,10297.0,,,,,,,,,,,,,,,,,,,,,,,,,,,,,
17ba5c8c-8512-11ed-9343-005056921581,,,,,,,,,,,,,,,,-65.0,,5.43,,,,,,,,,,,,,,,,,,,,,,,,,,,,,,,,,,,,,,,,,,,,,,3.51,,,,,,,,,,2470.0,,,,,,,,,,,,,,,,,,,,,,,,,,,,,
17ff87e4-8261-11ec-83a1-005056921581,,,,,,,,,,,,,,,,-42.0,,,,,,,,,,,,,,,,,,,,,,,,,,,,,,12.89,,,,,,,,,,,,,,,,,,,,,,,,,,,,154000.0,,,,,,,,,,,,,,,,,,,,,,,,,,,,,
19116de2-76ed-11ed-8822-005056921581,,,,,,,,,,,,,,,,,,17.39,,,,,,,,,,,,,,,,,,,,,,,,,,,,5.0,,,,,,,,,,,,,,,,,,,4435.0,,,,,,,,,38475.0,,,,,,,,,,,,,,,,,,,,,,,,,,,,,
1968c796-8eb0-11ee-8345-005056921581,,,,,,,,,,,,,,,,-44.0,,15.73,,,,,,,,,,,,,,,,,,,,,,,,,,,,,,,,,,,,,,,,,,,,,,,,,,,,,,,,98800.0,,,,,,,,,,,,,,,,,,,,,,,,,,,,,
1a5a254e-1fb4-11ed-9457-005056921581,,0.055999999999999994,,,,,,,,,,,,,,-51.0,,7.54,,,,,,,,,,,,,,,,,,,,,,,,,,,,4.11,,,,,,,,,,,,,,,,,,,,,,,,,,,,15740.0,,,,,,,,,,,,,0.046,,3.6,0.496,,,,,,,,,,,,,
1ab8571c-b4d0-11ec-8ff7-005056921581,,,,,,,,,,,,,,,,-42.0,,16.18,,,,,,,,,,,,,,,,,,,,,,,,,,,,4.75,,,,,,,,,,,,,,,,,,,,,,,,,,,,191250.0,,,,,,,,,,,,,,,,,,,,,,,,,,,,,
1b65beb4-18aa-11ed-98cd-005056921581,,,,,,,,,,,,,,,,-51.0,,7.32,,,,,,,,,,,,,,,,,,,,,,,,,,,,4.35,,,,,,,,,,,,,,,,,,,,,,,,,,,,15040.0,,,,,,,,,,,,,,,4.06,,,,,,,,,,,,,,
1beff8c2-adce-11ed-996a-005056921581,,,,,,,,,,,,,,,,-43.0,,15.509999999999998,,,,,,,,,,,,,,,,,,,,,,,,,,,,,,,,,,,,,,,,,,,,,,,,,,,,,,,,129200.0,,,,,,,,,,,,,,,,,,,,,,,,,,,,,
1e2dc4d2-f0a1-11ed-80ae-005056921581,,,,,,,,,,,,,,,,-65.0,,7.387,,,,,,,,,,,,,,,,,,,,,,,9.0,,,,3.72,,,,,,,,,,,,,,,,,,,3.97,,,,,,4.3,,,,5350.0,,,,,,,,,,,,,,,,,,,,,,,,,,,,,
1ea31690-1a2f-11ed-8e4b-005056921581,,,,,,,,,,,,,,,,-44.0,,5.62,,,,,,,,,,,,,,,,,,,,,,,,,,,,4.1,,,,,,,,,,,,,,,,,,,,,,,,,,,,26595.0,,,,,,,,,,,,,,,3.7,,,,,,,,,,,,,,
20267768-b5b8-11ec-8ff7-005056921581,,,,,,,,,,,,,,,,-41.0,,15.25,,,,,,,,,,,,,,,,,,,,,,,,,,,,4.76,,,,,,,,,,,,,,,,,,,,,,,,,,,,175350.0,,,,,,,,,,,,,,,,,,,,,,,,,,,,,
205e7992-e280-11ed-8477-005056921581,,,,,,,,,,,,,,,,-62.0,,7.01,,,,4817.0,,,,,,,,,,,,,,,,,,,,,,,,3.81,,,,,,,,,,,,,,,,,,,,,,,,,,,,11700.0,,,,,,,,,,,,,,,,,,,,,,,,,,,,,
20f38ca2-c3ff-11ed-9434-005056921581,,0.182,,,,,,,,,,,,,,-42.0,,16.3,,,120.0,,,,,,,,,20.0,,10.0,,,,,,,,,,,,,,,,,,,,,,,,,,,,,,,10.0,,,,,,,,,,,173050.0,,,,,,,,,,,,,,,,,,,,,3.0,0.294,,,,,,,
215a061a-c7bc-11ed-9659-005056921581,,,,,,,,,,,,,,,,-40.0,,15.37,,,,,,,,,,,,,,,,,,,,,,,,,,,,,,,,,,,,,,,,,,,,,,,,,,,,,,,,144500.0,,,,,,,,,,,,,,,,,,,,,,,,,,,,,
21902f44-80ed-11ed-990b-005056921581,,,,,,,76.15,,,,2.76,,,,1.22,-43.0,0.61,14.410000000000002,,0.76,,,,,,,,,,,,,,,,,,,0.05,,,,,,1.338,,,,,198.0,,,,,,,,,,,0.7,,,6.43,,,,,,,,,,33065.0,,,,,,,,0.35,,,,,,,,,,,0.53,,,,,,,,,,
2307f0c2-0353-11ed-846b-005056921581,,,,,,,,,,,,,,,,-52.0,,7.57,,,,,,,,,,,,,,,,,,,,,,,,,,,,4.1,,,,,,,,,,,,,,,,,,,,,,,,,,,,15495.0,,,,,,,,,,,,,,,3.7,,,,,,,,,,,,,,
232fb26a-4bba-11ed-9952-005056921581,,,,,,,,,,,,,,,,-51.0,,7.379999999999999,,,,,,,,,,,,,,,,,,,,,,,,,,,,4.06,,,,,,,,,,,,,,,,,,,1891.0,,,,,,,,,18255.0,,,,,,,,,,,,,,,3.42,,,,,,,,,,,,,,
23a15042-5694-11ee-87b9-005056921581,0.0,0.02,,,,,,,,,,,,,,-49.0,,7.86,,,150.0,,,,,,,,,20.0,,10.0,3.14,,,,,,,7.88,,848.5,,,0.88,4.3,6.3,845.3,,,,,,,,,,,,,,,10.0,,,,0.45,,,,,,,7678.0,,0.0,,,,,,,,,,,0.12,,,,,,,,3.0,,,216.0,,,,0.0,36.63
23c019b4-f3ad-11ec-8f07-005056921581,,,,,,,,,,,,,,,,-43.0,,15.57,,,,,,,,,,,,,,,,,,,,,,,,,,,,,,,,,,,,,,,,,,,,,,,,,,,,,,,,135050.0,,,,,,,,,,,,,,,,,,,,,,,,,,,,,
242af534-2577-11ee-88f6-005056921581,,,,,,,,,,,,,,,,-40.0,,14.390000000000002,,,,,,,,,,,,,,,,,,,,,,,,,,,,,,,,,,,,,,,,,,,,,,,,,,,,,,,,129300.0,,,,,,,,,,,,,,,,,,,,,,,,,,,,,
26fee3f4-09e0-11ee-8bcd-005056921581,,,,,,,,,,,,,,,,-42.0,,15.389999999999999,,,,,,,,,,,,,,,,,,,,,,,,,,,,,,,,,,,,,,,,,,,,,,,,,,,,,,,,108200.0,,,,,,,,,,,,,,,,,,,,,,,,,,,,,
27e7af3c-6f15-11ed-97f8-005056921581,,,,,,,,,,,,,,,,-60.0,,10.17,,,,,,,,,,,,,,,,,,,,,,,,,,,,,,,,,,,,,,,,,,,,,,2.13,,,,,,,,,,4357.0,,,,,,,,,,,,,,,,,,,,,,,,,,,,,
284f216c-4c48-11ec-8a77-005056921581,,,,,,,61.89,,,,,,,,,-42.0,,10.97,,,,,,,,,,,,,,,,,,,,,,,,,,,,,,,6420.0,171.0,,,,,,,,,,,,,,,,,,,,,,,,42900.0,,,,,,,,,4490.0,,,,,,,,,,,4.44,,,,,,,,,
2861584a-c64a-11ee-9962-005056921581,,,,,,,,,,,,,,,,-44.0,,25.13,,,,,,,,,,,,,,,,,,,,,,,,,,,,,,,,,,,,,,,,,,,,,,,,,,,,,,,,145300.0,,,,,,,,,,,,,,,,,,,,,,,,,,,,,
28f29ab0-627e-11ee-823f-005056921581,0.0003,0.063,,,,,191.6,,,,,,,,,-47.0,,26.2,,,25.0,,,,,,,,,400.0,392.0,460.0,,,,,,,,,,,,,,,,,,172.0,,,,,,,,,,,,,480.0,,,,,,,,,,,147550.0,,,,,,,,,,,,,0.997,,,,,,,,60.0,,,197.0,,,,0.078,
2912aff4-09e0-11ee-8bcd-005056921581,,,,,,,,0.15,,,,,,,,-64.0,,6.92,,,,,,0.63,,,2.17,,,,,,,,,,,,,,,,,,,3.81,6.77,,,,,,,,,,,,,,,,,,,,,33.85,,,34.48,,,7224.0,,,1.83,,,6.92,,,,,,,,,,,,,,,,,,,,,,,
2a16aa0c-a141-11ed-9c3e-005056921581,,,,,,,37.05,,,,,,,,,-65.0,,7.79,,,,,,,,,,951.0,,20.0,,0.0,,,,,,,,,,,,,6.89,,,837.5,,188.0,,,18.0,,,,,,,,,,0.0,4.19,,,,,,4.46,,,,7369.0,,,,,2302.0,,,,,,,,,,,,,,,,,0.282,,229.0,,,,,
2b7550d8-6330-11ec-8eb2-005056921581,,,,,,,,,,,,,,,,-51.0,,7.33,,,,,,,,,,,,,,,,,,,,,,,,,,,,,,,,,,,,,,,,,,,,,,,,,,,,,,,,20260.0,,,,,,,,,,,,,,,,,,,,,,,,,,,,,
2b9cde50-381e-11ed-9a4d-005056921581,,,,,,,,,,,,,,,,-45.0,,15.0,,,,,,,,,,,,,,,,,,,,,,,,,,,,,,,,,,,,,,,,,,,,,,,,,,,,,,,,80575.0,,,,,,,,,,,,,,,,,,,,,,,,,,,,,
2c07da86-dcea-11ed-803e-005056921581,,,,,,,,,,,,,,,,-39.0,,15.31,,,,,,,,,,,,,,,,,,,,,,,,,,,,,,,,,,,,,,,,,,,,,,,,,,,,,,,,117050.0,,,,,,,,,,,,,,,,,,,,,,,,,,,,,
2c2b05c4-94d7-11ee-8da4-005056921581,,,-45.0,,,,28.15,,,,9.7,,,,10.29,-48.0,1.81,5.77,,7.34,72.5,,,,,,,,,,392.0,,,,,,,,37.53,,,,,,,3.95,,,,153.0,,,,,160.0,,,,,,1165.86,,,,,,0.943,,,,,,,11570.0,,,,,,,,650.4,,,,,,,,,,,328.19,,85.0,,,232.0,,,,,
2d1bdb06-7a17-11ed-80e1-005056921581,,,,,,,,,,,,,,,,-62.0,,8.278,,,,,,,,,,,,,,,,,,,,,,,,,,,,,,,,,,,,,,,,,,,,,,4.34,,,,,,,,,,8355.0,,,,,,,,,,,,,,,,,,,,,,,,,,,,,
310191d8-f3e9-11ed-8a03-005056921581,0.0,1253.0,-41.0,5.0,,,72.24,,0.0,,12.98,0.0,,0.0,7.86,,5.03,11.57,,4.19,72.5,,1.0,,,0.0,,,1235.0,10.0,392.0,10.0,,300.0,,,,,4.23,,,864.9,,,,,,,,154.0,,,,,160.0,0.0,0.0,251.0,,0.0,45.35,587.0,10.0,,,0.0,0.892,,6174.0,,,,0.0,,0.0,,,0.0,,,,36.56,,,,0.0,,,,,,0.0,32.76,,85.0,,,229.0,0.0,0.0,,3.0,
324be4ba-53fb-11ec-92cf-005056921581,,,,,,,60.52,,,,,,,,,-46.0,,11.41,,,,,,,,,,,,,,,,,,,,,,,,,,,,,,,6200.0,186.0,,,,,,,,,,,,,,,,,,,,,,,,47800.0,,,,,,,,,3720.0,,,,,,,,,,,6.0,,,,,,,,,
32669e02-0cb7-11ed-87b0-005056921581,,0.165,,,,,,,,,,,,,,-50.0,,7.54,,,,,,,,,,,,70.0,,460.0,,,,,,,,,,,,,,4.1,,,,,,,,,,,,,,,,,740.0,,,,,,,,,,,17845.0,,,,,,,,,,,,,0.086,,3.7,0.311,,,,,,,,,,,,,
33c2e8d2-c67e-11ee-9e1a-005056921581,,,,,,,,2.85,,,,,,,,-51.0,,7.72,,,,,,12.25,,,36.89,,,,,,,,,,,,,,,,,,,4.05,4.87,,,,,,,,,,,,,,,,,,2193.0,,,23.7,,,35.95,,,13355.0,,,34.08,,,7.72,,,,,,,,,,,,,,,,,,,,,,,
34db9128-d864-11ed-9c4c-005056921581,,,,,,,,,,,,,,,,-52.0,,6.989999999999999,,,,4963.0,,,,,,,,,,,,,,,,,,,,,,,,3.8500000000000005,,,,,,,,,,,,,,,,,,,,,,,,,,,,10950.0,,,,,,,,,,,,,,,,,,,,,,,,,,,,,
354d740c-066c-11ed-9716-005056921581,,,,,,,,,,,,,,,,-41.0,,15.51,,,,,,,,,,,,,,,,,,,,,,,,,,,,,,,,,,,,,,,,,,,,,,,,,,,,,,,,166200.0,,,,,,,,,,,,,,,,,,,,,,,,,,,,,
361f42ea-c7bc-11ed-9659-005056921581,,,,,,,,,,,,,,,,-43.0,,15.43,,,,,,,,,,,,,,,,,,,,,,,,,,,,,,,,,,,,,,,,,,,,,,,,,,,,,,,,142150.0,,,,,,,,,,,,,,,,,,,,,,,,,,,,,
36bc3698-84ed-11ed-9343-005056921581,,,,,,,,,,,,,,,,-52.0,,7.71,,,,,,,,,,,,,,,,,,,,,,,,,,,,4.11,,,,,,,,,,,,,,,,,,,2187.0,,,,,,,,,14960.0,,,,,,,,,,,,,,,3.75,,,,,,,,,,,,,,
388fac92-e18d-11ec-8487-005056921581,,0.047,,,,,,,,,,,,,,-44.0,,15.53,,,,,,,,,,,,30.0,,10.0,,,,,,,,,,852.7,,,,,,849.5,,,,,,,,,,,,,,,10.0,,,,,,,,,,,116600.0,,,,,,,,,,,,,,,,,,,,,,,,220.0,,,,,
38b84798-7cfb-11ec-83a1-005056921581,,,,,,,77.56,,,,,,,,,-52.0,,12.22,,,,,,,,,,,,,,,,,,,,,,,,,,,,,,,9525.0,155.0,,,,,,,,,,,,,,,,,,,,,,,,40250.0,,,,,,,,,7090.0,,,,,,,,,,,7.0,,,,,,,,,
38dd345c-5038-11ed-93f9-005056921581,,,,,,,78.62,,,,204.4,,,,1.0,-43.0,4.76,14.670000000000002,,9.3,,,,,,,,,,,,,,,,,,,25.95,,,,,,,,,,,,,,,,,,,,,,372.8,,,5.92,,,,,,,,,,853000.0,,,,,,,,177.1,,,,,,,,,,,293.1,,,,,,,,,,
38fa2880-2fa0-11ee-97e5-005056921581,,,,,,,,,,,,,,,,-42.0,,16.31,,,,,,,,,,,,,,,,,,,,,,,,,,,,,,,,,,,,,,,,,,,,,,,,,,,,,,,,140700.0,,,,,,,,,,,,,,,,,,,,,,,,,,,,,
3a073616-5132-11ed-8c60-005056921581,,0.162,,,,,,,,,,,,,,-50.0,,7.679999999999999,,,,,,,,,,,,10.0,,0.0,,,,,,,,,,855.7,,,,,,852.5,,,,,,,,,,,,,,,0.0,4.52,,,,,,,,,,14385.0,,,,,,,,,,,,,,,,,,,,,,,,,,,,,
3a2c5884-c6fc-11ed-863f-005056921581,,,,,,,,,,,,,,,,-42.0,,16.52,,,,,,,,,,,,,,,,,,,,,,,,,,,,,,,,,,,,,,,,,,,,,,,,,,,,,,,,166200.0,,,,,,,,,,,,,,,,,,,,,,,,,,,,,
3b3af9b4-568c-11ed-8e55-005056921581,,0.157,,,,,115.5,,,,3.34,,707.0,,4.83,-45.0,-3.1,16.42,,5.5,60.0,,,,,,,,,0.0,,0.0,,,,,1303.0,,5.54,,13.0,,,,2.013,,,,,,,,,,140.0,,,,,,40.69,,0.0,,,,,,,,,,,115250.0,,,,,,,,33.74,,,4900.0,,2.095,,,,,,47.0,,192.0,0.314,,,,,,,
3b787cb2-3fe9-11ed-8432-005056921581,,0.07,,,,,90.37,,,7.75,14.47,,,,3.38,-42.0,0.96,14.5,,7.46,,,,,,,,,,10.0,,0.0,,,,,,,3.73,,,,,,,,,,,167.0,,,,82.62,,,,,9.45,,32.57,,0.0,,,,,,,,90.37,13.13,,132400.0,,,,,,14.5,1.37,25.72,,8.58,,,,,,,,,29.43,,,,,,,,,,
3cb7b4dc-e280-11ed-8477-005056921581,,,,,,,,,,,,,,,,-62.0,,6.89,,,,4667.0,,,,,,,,,,,,,,,,,,,,,,,,3.75,,,,,,,,,,,,,,,,,,,,,,,,,,,,12105.0,,,,,,,,,,,,,,,,,,,,,,,,,,,,,
3cc31d94-5e39-11ec-803b-005056921581,,,,,,,61.71,,,,,,,,,-42.0,,11.35,,,,,,,,,,,,,,,,,,,,,,,,,,,,,,,6640.0,180.0,,,,,,,,,,,,,,,,,,,,,,,,34400.0,,,,,,,,,4350.0,,,,,,,,,,,6.0,,,,,,,,,
3d899ecc-0c0a-11ed-9b29-005056921581,,0.048,,,,,,,,,,,,,,-43.0,,12.66,,,,,,,,,,,,10.0,,0.0,,,,,,,,,,861.1,,,,,,857.8,,,,,,,,,,,,,,,0.0,,,,,,,,,,,119100.0,,,,,,,,,,,,,,,,,,,,,,,,208.0,,,,,
3ddea7ba-5a88-11ed-96db-005056921581,,,,,,,,,,,0.83,,,,3.81,-45.0,-0.28,15.0,,1.02,,,,,,,,,,,,,,,,,,,1.39,,,,,,,4.38,,,,,,,,,130.0,,,,,,13.39,,,,2063.0,,,,,,,,,83760.0,,,,,,,,9.23,,,4381.0,,,,,,,,12.64,,192.0,0.478,,,,,,,
3fbd6a30-1e1a-11ed-94df-005056921581,,,,,,,,,,,,,,,,-53.0,,7.6,,,,,,,,,,,,,,,,,,,,,,,,,,,,4.14,,,,,,,,,,,,,,,,,,,,,,,,,,,,12875.0,,,,,,,,,,,,,,,3.6,,,,,,,,,,,,,,
3feb603e-0f38-11ed-9900-005056921581,,,,,,,39.13,1.25,,,,,,,,-49.0,,7.3,,,,,,5.64,,,17.12,,,,,,,,,,,,,,,,,,,4.98,6.05,,,154.0,,,,,,,,,,,,,,,,,,33.49,,,39.13,,,37605.0,,,14.41,,,7.3,,,,,,,,,5.37,,,,,4.55,,,,,,,,,
40146fb6-7250-11ee-82d1-005056921581,,,-39.0,,,,24.61,0.0,,,,,,,,-42.0,,5.08,,,,,,-0.07,,,0.0,,,0.0,,0.0,,,,,,,,,,,,,,,5.11,,,139.0,,,,,,,,,,,,,0.0,,,,,24.69,,,24.62,,,29610.0,,,-0.28,,,5.11,,,,,,,,,,,,,,,,,,,,,,,
4140fa2e-1a5a-11ee-9b11-005056921581,,0.064,,,,,,,,,,,,,,-42.0,,15.83,,,120.0,,,,,,,,,0.0,,0.0,,,,,,,,,,,,,,4.76,,,,,,,,,,,,,,,,,0.0,,,,,,,,,,,168650.0,,,,,,,,,,,,,,,,,,,,,3.0,,,234.0,,,,,
425eb6da-98b9-11ed-8fc0-005056921581,,,,,,,,,,,,,,,,,,8.99,,,,,,,,,,,,,,,,,,,,,,,,,,,,4.9,,,,,,,,,,,,,,,,,,,4389.0,,,,,,,,,17850.0,,,,,,,,,,,,,,,,,,,,,,,,,,,,,
42d006e8-8332-11ec-83a1-005056921581,,0.019,,,,,,,,,,,,,,-50.0,,6.06,,,,,,,,,,,,10.0,,0.0,,,,,,,,,,846.1,,,,,,843.0,,,,,,,,,,,,,,,0.0,,,,,,,,,,,12340.0,,,,,,,,,,,,,,334.0,,,,,,,,,,218.0,,,,,
4450bae6-802e-11ec-83a1-005056921581,,,,,,,,,,,,,,,,-51.0,,6.06,,,,,,,,,,,,,,,,,,,,,,,,,,,,,,,,,,,,,,,,,,,,,,,,,,,,,,,,12725.0,,,,,,,,,,,,,,,,,,,,,,,,,,,,,
445c6362-1fb3-11ed-9457-005056921581,,0.015,,,,,,,,,,,,,,-52.0,,7.609999999999999,,,,,,,,,,,,,,,,,,,,,,,,,,,,4.09,,,,,,,,,,,,,,,,,,,,,,,,,,,,12890.0,,,,,,,,,,,,,0.052,,3.7,,,,,,,,,,,,,,
446da20e-993e-11ec-9673-005056921581,0.334,0.086,,,,,62.37,,,,,,,,,-52.0,,11.01,,,,,,,,,,,,160.0,,320.0,,,,,,,,,,871.3,,,1.37,,,868.2,6190.0,170.0,250.0,,,,,,,,,,,,320.0,,,,,,,9.59,,,,26690.0,,,,,,,,,4000.0,,,,0.23999999999999996,,,,,,,7.5,,,,218.0,,,,0.107,
44a3a6f4-0e79-11ee-8cc3-005056921581,,,,,,,,,,,,,,,,-43.0,,15.34,,,,,,,,,,,,,,,,,,,,,,,,,,,,,,,,,,,,,,,,,,,,,,,,,,,,,,,,123750.0,,,,,,,,,,,,,,,,,,,,,,,,,,,,,
451cb9f2-a788-11ed-992a-005056921581,,,,,,,,,,,,,,,,-42.0,,15.009999999999998,,,,,,,,,,,,,,,,,,,,,,,,,,,,,,,,,,,,,,,,,,,,,,,,,,,,,,,,117000.0,,,,,,,,,,,,,,,,,,,,,,,,,,,,,
45f1e44a-9410-11ee-8abf-005056921581,,,-46.0,,,,28.070000000000004,,,,17.53,,,,7.89,-49.0,2.68,5.86,,5.44,25.0,,,,,,,,,,392.0,,,,,,,,7.14,,,,,,,,,,,159.0,,,,,160.0,,,,,,146.99,,,,,,0.804,,,,,,,12510.0,,,,,,,,121.84,,,,,,,,,,,41.26,,126.0,,,,,,,,
46b4fc7e-7fee-11ec-83a1-005056921581,,,,,,,61.93000000000001,,,,,,,,,-56.0,,11.22,,,,,,,,,,,,,,,,,,,,10.61,,,,,11.54,,,,,,5630.0,177.0,,10.03,,,,,,,,,,,,,,,,,,,61.93000000000001,,,28325.0,,,,,,11.22,,,4015.0,,,,,,,,54.78,,,5.0,,,,,,,,,
479b34c4-a615-11ee-9529-005056921581,,,,,,,,,,,,,,,,-41.0,,15.55,,,,,,,,,,,,,,,,,,,,,,,,,,,,,,,,,,,,,,,,,,,,,,,,,,,,,,,,145200.0,,,,,,,,,,,,,,,,,,,,,,,,,,,,,
489fd34a-2c47-11ee-987e-005056921581,0.0001,0.024,,,,,,,,,,,,,,-49.0,,7.42,,,,,,,,,,,,,,,,,,,,,,,,,,,,3.8,,,,,,,,,,,,,,,,,,,,,0.54,,,,,,,7678.0,,,,,,,,,,,,,0.15,,,,,,,,,,,,,,,0.0001,33.39
49743a76-a614-11ee-9529-005056921581,,,,,,,,,,,,,,,,-41.0,,15.58,,,,,,,,,,,,,,,,,,,,,,,,,,,,,,,,,,,,,,,,,,,,,,,,,,,,,,,,103300.0,,,,,,,,,,,,,,,,,,,,,,,,,,,,,
49939d56-3e5c-11ed-8783-005056921581,,,,,,,,,,,,,,,,-42.0,,14.52,,,,,,,,,,,,,,,,,,,,,,,,,,,,,,,,,,,,,,,,,,,,,,4.62,,,,,,,,,,97300.0,,,,,,,,,,,,,,,,,,,,,,,,,,,,,
49f9770e-5e3b-11ec-803b-005056921581,,,,,,,54.23,,,,,,,,,-42.0,,11.16,,,,,,,,,,,,,,,,,,,,,,,,,,,,,,,4640.0,204.0,,,,,,,,,,,,,,,,,,,,,,,,34500.0,,,,,,,,,3950.0,,,,,,,,,,,5.0,,,,,,,,,
4a5c9ca8-59da-11ed-89c9-005056921581,,,,,,,,,,,3.62,,,,8.5,-47.0,0.23999999999999996,7.51,,0.97,,,,,,,,,,,,,,,,,,,1.02,,,,,,,,,,,,,,,,160.0,,,,,,18.65,,,4.91,2839.0,,,,,,,,,15975.0,,,,,,,,13.58,,,,,,,,,,,7.070000000000001,,192.0,0.337,,207.0,,,,,
4b0b13c2-2fa0-11ee-97e5-005056921581,,,,,,,,,,,,,,,,-43.0,,16.38,,,,,,,,,,,,,,,,,,,,,,,,,,,,,,,,,,,,,,,,,,,,,,,,,,,,,,,,,,,,,,,,,,,,,,,,,,,,,,,,,,,,,
4b1e0708-c7bc-11ed-9659-005056921581,,,,,,,,,,,,,,,,-43.0,,15.35,,,,,,,,,,,,,,,,,,,,,,,,,,,,,,,,,,,,,,,,,,,,,,,,,,,,,,,,131700.0,,,,,,,,,,,,,,,,,,,,,,,,,,,,,
4bb0ec42-0e73-11ed-8e9d-005056921581,,,,,,,,,,,,,,,,-43.0,,6.5,,,,,,,,,,,,,,,,,,,,,,,,,,,,5.5,,,,,,,,,,,,,,,,,,,,,,,,,,,,44290.0,,,,,,,,,,,,,,,,,,,,,,,,,,,,,
4ce12fe0-9d85-11ed-9fac-005056921581,,,,,,,,,,,,,,,,-43.0,,15.639999999999999,,,,,,,,,,,,,,,,,,,,,,,,,,,,,,,,,,,,,,,,,,,,,,,,,,,,,,,,91460.0,,,,,,,,,,,,,,,,,,,,,,,,,,,,,
4cea0804-76ed-11ed-8822-005056921581,,,,,,,,,,,,,,,,,,6.240000000000001,,,,,,,,,,,,,,,,,,,,,,,,,,,,3.7,,,,,,,,,,,,,,,,,,,1749.0,,,,,,,,,8607.0,,,,,,,,,,,,,,,,,,,,,,,,,,,,,
4d33de30-09e0-11ee-8bcd-005056921581,,,,,,,,,,,,,,,,-42.0,,15.330000000000002,,,,,,,,,,,,,,,,,,,,,,,,,,,,,,,,,,,,,,,,,,,,,,,,,,,,,,,,107750.0,,,,,,,,,,,,,,,,,,,,,,,,,,,,,
4df6f2e6-c7c6-11ed-9659-005056921581,,,,,,,,,,,,,,,,-44.0,,17.1,,,,,,,,,,,,,,,,,,,,,,,,,,,,,,,,,,,,,,,,,,,,,,,,,,,,,,,,141850.0,,,,,,,,,,,,,,,,,,,,,,,,,,,,,
4f54e0e0-13cf-11ed-94cf-005056921581,,,,,,,,,,,,,,,,-48.0,,7.49,,,,,,,,,,,,,,,,,,,,,,,,,,,,5.0,,,,,,,,,,,,,,,,,,,,,,,,,,,,18725.0,,,,,,,,,,,,,,,,,,,,,,,,,,,,,
50ae6644-b260-11ec-8ff7-005056921581,,,,,,,,,,,,,,,,-42.0,,15.17,,,,,,,,,,,,,,,,,,,,,,,,,,,,4.759999999999999,,,,,,,,,,,,,,,,,,,,,,,,,,,,134100.0,,,,,,,,,,,,,,,,,,,,,,,,,,,,,
51515564-43ad-11ed-8303-005056921581,,,,,,,,,,,,,,,,-51.0,,7.1,,,,,,,,,,,,,,,,,,,,,,,,,,,,4.32,,,,,,,,,,,,,,,,,,,2491.0,,,,,,,,,18520.0,,,,,,,,,,,,,,,4.0,,,,,,,,,,,,,,
5204ed5c-cc71-11ed-9984-005056921581,,,,,,,,,,,,,,,,-44.0,,16.52,,,,,,,,,,,,,,,,,,,,,,,,,,,,,,,,,,,,,,,,,,,,,,,,,,,,,,,,134750.0,,,,,,,,,,,,,,,,,,,,,,,,,,,,,
520a8cd4-d47d-11ee-81cf-005056921581,,,,,,,36.3,,,,,,,,,-53.0,,7.5600000000000005,,,,,,,,,,,,,,,,,,,,,,,,,,,,,,,,,,,,,,,,,,,,,,4.4,2246.0,,,,,,,,,19200.0,,,,,,,,,,,,,,,,,,,,,,,,,,,,,
524442e2-0cd5-11ed-87b0-005056921581,,,,,,,,,,,,,,,,-44.0,,7.81,,,,,,,,,,,,,,,,,,,,,,,,,,,,4.61,,,,,,,,,,,,,,,,,,,,,,,,,,,,464600.0,,,,,,,,,,,,,,,,,,,,,,,,,,,,,
52cc326e-9638-11ed-8975-005056921581,,0.029000000000000005,,,,,,,,,,,,,,-54.0,,7.87,,,,,,,,,,,,20.0,,0.0,,,,,,,,,,,,,,4.3,,,,,,,,,,,,,,,,,0.0,,,,,,,,,,,16285.0,,,,,,,,,,,,,,,,,,,,,,,,,,,,,
53716c98-3b38-11ee-80a6-005056921581,,0.167,,,,,,,,,,,,,,-47.0,,7.55,,,150.0,,,,,,,,,20.0,,10.0,4.18,,,,,,,6.76,,853.7,,,0.7,4.3,6.7,850.5,,,,,,,,,,,,,,,10.0,,,,0.42,,,,,,,9698.0,,0.0,,,,,,,,,,,,,,,,,,,3.0,,,220.0,,,,,35.61
5508efd4-74b5-11ee-9219-005056921581,,,-40.0,,,,25.01,,,,,,,,,-43.0,,5.18,,,120.0,,,,,,,,,10.0,,110.0,,,,,,,,,,,,,,,,,,143.0,,,,,,,,,,,,,130.0,,,,,,,,,,,19825.0,,,,,,,,,,,,,,,,,,,,,3.0,,,,,,,,
56d596b4-543b-11ed-993d-005056921581,,,,,,,,,,,,,,,,-42.0,,15.75,,,,,,,,,,,,,,,,,,,,,,,,,,,,,,,,,,,,,,,,,,,,,,,,,,,,,,,,75960.0,,,,,,,,,,,,,,,,,,,,,,,,,,,,,
58e62d54-c6fc-11ed-863f-005056921581,,,,,,,,,,,,,,,,-43.0,,16.55,,,,,,,,,,,,,,,,,,,,,,,,,,,,,,,,,,,,,,,,,,,,,,,,,,,,,,,,161250.0,,,,,,,,,,,,,,,,,,,,,,,,,,,,,
58e74e6e-5f37-11ed-855c-005056921581,,,,,,,97.67000000000002,,,,5.87,,,,1.5399999999999998,-40.0,0.37,14.709999999999999,,5.19,,,,,,,,,,,,,,,,,,,2.58,,,,,,,,,,,157.0,,,,,,,,,,,23.919999999999998,,,6.2700000000000005,,,,,,,,,,106300.0,,,,,,,,17.54,,,,,,,,,,,23.43,,,,,,,,,,
5b7e51f2-795f-11ee-9355-005056921581,6.0,1713.0,-44.0,3.0,,,75.39,,0.0,,16.78,0.0,,0.0,7.5,-47.0,2.94,11.86,,5.31,25.0,,0.0,,,0.0,,,1166.0,,392.0,,,200.0,0.0,,,,17.96,,,858.0,,,,5.0,,,,153.0,,,,,160.0,0.0,0.0,1.0,,0.0,186.64,674.0,,,,0.0,0.731,,4900.0,,,,0.0,74465.0,0.0,,,0.0,,,,151.43,,,,0.0,23300.0,,,,,0.0,140.71,,126.0,,,224.0,0.0,0.0,,2098.0,
5b83373e-a788-11ed-992a-005056921581,,,,,,,,,,,,,,,,-43.0,,15.1,,,,,,,,,,,,,,,,,,,,,,,,,,,,,,,,,,,,,,,,,,,,,,,,,,,,,,,,131900.0,,,,,,,,,,,,,,,,,,,,,,,,,,,,,
5ca7ab54-3135-11ee-9f2d-005056921581,,,,,,,,,,,,,,,,-46.0,,7.15,,,,,,,,,,,,10.0,,10.0,,,,,,,,,,,,,,,,,,,,,,,,,,,,,,,30.0,,,,,,,,,,,25475.0,,,,,,,,,,,,,,,,,,,,,,,,,,,,,
5caaa5ae-0e79-11ee-8cc3-005056921581,,,,,,,,,,,,,,,,-42.0,,15.37,,,,,,,,,,,,,,,,,,,,,,,,,,,,,,,,,,,,,,,,,,,,,,,,,,,,,,,,94715.0,,,,,,,,,,,,,,,,,,,,,,,,,,,,,
5e5ae64c-4887-11ed-8f1b-005056921581,,,,,,,,,,,,,,,,-49.0,,7.53,,,,,,,,,,,,,,,,,,,,,,,,,,,,5.32,,,,,,,,,,,,,,,,,,,6307.0,,,,,,,,,43140.0,,,,,,,,,,,,,,,,,,,,,,,,,,,,,
5fdc1966-4dee-11ed-9a6d-005056921581,,,,,,,,,,,,,,,,-42.0,,16.13,,,,,,,,,,,,20.0,,20.0,,,,,,,,,,,,,,,,,,,,,,,,,,,,,,,0.0,,,,,,,,,,,109000.0,,,,,,,,,,,,,,,,,,,,,,,,,,,,,
6096a262-a06f-11ed-9f24-005056921581,,,,,,,,,,,,,,,,-43.0,,15.5,,,,,,,,,,,,,,,,,,,,,,,,,,,,,,,,,,,,,,,,,,,,,,,,,,,,,,,,74975.0,,,,,,,,,,,,,,,,,,,,,,,,,,,,,
60e6537e-c73e-11ee-99e2-005056921581,,,,,,,,,,,,,,,,-48.0,,8.02,,,,,,,,,,,,,,,,,,,,,,,,,,,,,,,,,,,,,,,,,,,,,,,,,,,,,,,,46330.0,,,,,,,,,,,,,,,,,,,,,,,,,,,,,
60ff9db8-426c-11ee-80bb-005056921581,0.004,0.027,,,,,,0.44,,,4.7,,,,1.29,-58.0,0.64,7.33,,0.63,72.5,,,2.22,,,6.0,,,30.0,392.0,10.0,,,,4.14,,11.46,0.28,,,852.9,11.3,0.84,,,6.89,849.6,,,,6.49,,,160.0,,,,,,2.59,,10.0,,,,0.459,34.41,,,36.63,,,,,,6.06,,,7.33,,3.82,,,,,0.065,,,,32.49,,0.95,,85.0,,,244.0,,,,0.0,
62c8438e-bc99-11ec-9ebf-005056921581,,,,,,,,,,,,,,,,-42.0,,12.32,,,,,,,,,,,,,,,,,,,,,,,,,,,,5.0,,,,,,,,,,,,,,,,,,,,,,,,,,,,127350.0,,,,,,,,,,,,,,,,,,,,,,,,,,,,,
62ca7eda-a788-11ed-992a-005056921581,,,,,,,,,,,,,,,,-40.0,,15.080000000000002,,,,,,,,,,,,,,,,,,,,,,,,,,,,,,,,,,,,,,,,,,,,,,,,,,,,,,,,128000.0,,,,,,,,,,,,,,,,,,,,,,,,,,,,,
63ac5568-3351-11ed-9685-005056921581,,,,,,,,2.26,,,,,,,,-54.0,,7.49,,,,,,9.52,,,30.05,,,,,,,,,,,,,,,,,,,4.05,5.26,,,,,,,,,,,,,,,,,,2127.0,,,25.52,,,35.04,,,12655.0,,,27.17,,,7.52,,,,,,,,,3.7,,,,,,,,,,,,,,
63b5dcb2-4dfc-11ed-9a6d-005056921581,,,,,,,,,,,,,,,,-47.0,,5.82,,,,,,,,,,,,,,,,,,,,,,,,,,,,,,,,,,,,,,,,,,,,,,2.65,,,,,,,,,,4402.0,,,,,,,,,,,,,,,,,,,,,,,,,,,,,
6504b86e-066b-11ed-9716-005056921581,,,,,,,,,,,,,,,,-42.0,,15.18,,,,,,,,,,,,,,,,,,,,,,,,,,,,4.78,,,,,,,,,,,,,,,,,,,,,,,,,,,,149500.0,,,,,,,,,,,,,,,,,,,,,,,,,,,,,
65074114-a6d5-11ed-9153-005056921581,,,,,,,,,,,,,,,,-43.0,,16.34,,,,,,,,,,,,0.0,,0.0,,,,,,,,,,,,,,,,,,,,,,,,,,,,,,,0.0,,,,,,,,,,,125000.0,,,,,,,,,,,,,,,,,,,,,,,,,,,,,
662b1f42-4df9-11ec-9cfe-005056921581,,,,,,,,,,,,,,,,-49.0,,5.81,,,,,,,,,,,,,,,,,,,,,,,,,,,,,,,,147.0,,,,,,,,,,,,,,,,,,,,,,,,9364.0,,,,,,,,,,,,,,,,,,,,,,,,,,,,,
66705f4a-2ab5-11ee-8be1-005056921581,,,,,,,,,,,,,,,,-47.0,,8.5,,,,,,,,,,,,,,,,,,,,,,,,,,,,4.52,,,,,,,,,,,,,,,,,,,,,,,,,,,,10800.0,,,,,,,,,,,,,,,,,,,,,,,,,,,,,
67172f6e-c70f-11ed-863f-005056921581,,,,,,,,,,,,,,,,-43.0,,7.53,,,,,,,,,,,,,,,,,,,,,,,,,,,,4.32,,,,,,,,,,,,,,,,,,,2411.0,,,,,,,,,40515.0,,,,,,,,,,,,,,,4.21,,,,,,,,,,,,,,
67fbcc6a-a788-11ed-992a-005056921581,,,,,,,,,,,,,,,,-42.0,,14.990000000000002,,,,,,,,,,,,,,,,,,,,,,,,,,,,,,,,,,,,,,,,,,,,,,,,,,,,,,,,123600.0,,,,,,,,,,,,,,,,,,,,,,,,,,,,,
6822ef3c-d773-11ed-8145-005056921581,,,,,,,108.9,,,,3.03,,,,4.76,,-0.12400000000000001,17.33,,1.15,,,,,,,,,,,,,,,,,,,2.61,,,,,,3.5,,,,,,,,,,140.0,,,,,,20.2,,,,,,,,,,,,,,,,,,,,,15.06,,,,,,,,,,,22.0,,192.0,,,,,,,,
68515fd2-9634-11ed-8975-005056921581,,0.05,,,,,,,,,,,,,,-50.0,,7.38,,,,,,,,,,,,30.0,,0.0,,,,,,,,,,,,,,4.35,,,,,,,,,,,,,,,,,30.0,,,,,,,,,,,9180.0,,,,,,,,,,,,,,,,,,,,,,,,,,,,,
69260bac-7323-11ee-8b1f-005056921581,,,,,,,173.2,,,,,,,,,-52.0,,26.0,,,,,,,,,,,,,,,,,,,,,,,,,,,,,,,,188.0,,,,,,,,,,,,,,,,,,,,,,,,82400.0,,,,,,,,,,,,,,,,,,,,,,,,,,,,,
69ad76b6-58f6-11ed-8a7d-005056921581,,,,,,,,1.62,,,,,,,,-52.0,,7.49,,,,,,6.09,,,21.63,,,,,,,,,,,,,,,,,,,4.0,5.87,,,,,,,,,,,,,,,,,,1981.0,,,28.55,,,34.64,,,14895.0,,,17.58,,,7.49,,,,,,,,,3.66,,,,,,,,,,,,,,
6babd070-4bf3-11ee-9c35-005056921581,,,,,,,182.0,,,,,,,,,-44.0,,25.019999999999996,,,,,,,,,,,,,,,,,,,,,,,,,,,,,,,,170.0,,,,,,,,,,,,,,,,,,,,,,,,189150.0,,,,,,,,,,,,,,,,,,,,,,,,,,,,,
6c40f04c-76ec-11ed-8822-005056921581,,,,,,,,,,,,,,,,,,14.11,,,,,,,,,,,,,,,,,,,,,,,,,,,,3.7,,,,,,,,,,,,,,,,,,,1749.0,,,,,,,,,12645.0,,,,,,,,,,,,,,,,,,,,,,,,,,,,,
6cfb8b3c-13c8-11ed-94cf-005056921581,,0.164,,,,,,,,,,,,,,-49.0,,7.319999999999999,,,,,,,,,,,,30.0,,20.0,,,,,,,,,,855.2,,,,5.0,,851.8,,,,,,,,,,,,,,,20.0,,,,,,,,,,,16395.0,,,,,,,,,,,,,0.079,344.0,,,,,,,,,,232.0,,,,,
6d077f30-9d77-11ed-9fac-005056921581,,,,,,,,,,,,,,,,-43.0,,14.39,,,120.0,,,,,,,,,,,,,,,,,,,,,,,,,,,,,,,,,,,,,,,,,,,,,,,,,,,,,72465.0,,,,,,,,,,,,,,,,,,,,,3.0,,,,,,,,
6d554e0a-119e-11ed-9048-005056921581,,0.162,,,,,,1.4,,,,,,,,-50.0,,7.579999999999999,,,,,,5.46,,,15.0,,,,,,,,,,,,,,,,,,,4.32,6.19,,,,,,,,,,,,,,,,,,,,,30.95,,,36.41,,,19145.0,,,18.49,,,7.59,,,,,,,0.086,,4.0,0.311,,,,,,,,,,,,,
6da251ec-98c9-11ee-9bd7-005056921581,,,,,,,,2.24,,,,,,,,-53.0,,7.36,,,,,,9.72,,,30.67,,,,,,,,,,,,,,,,,,,,5.12,,,,,,,,,,,,,,,,,4.5,2371.0,,,25.95,,,35.67,,,12265.0,,,27.25,,,7.39,,,,,,,,,,,,,,,,,,,,,,,
6df82e8e-2abd-11ee-8be1-005056921581,,,,,,,,,,,,,,,,-42.0,,15.13,,,,,,,,,,,,,,,,,,,,,,,,,,,,,,,,,,,,,,,,,,,,,,4.75,,,,,,,,,,141600.0,,,,,,,,,,,,,,,,,,,,,,,,,,,,,
6f961a92-d1f0-11ed-929c-005056921581,,,,,,,,,,,,,,,,-41.0,,7.6000000000000005,,,,,,,,,,,,,,,,,,,,,,,,,,,,3.9400000000000004,,,,,,,,,,,,,,,,,,,1506.0,,,,,,,,,35880.0,,,,,,,,,,,,,,,3.11,,,,,,,,,,,,,,
70215fd8-0e79-11ee-8cc3-005056921581,,,,,,,,,,,,,,,,-42.0,,15.210000000000003,,,,,,,,,,,,,,,,,,,,,,,,,,,,,,,,,,,,,,,,,,,,,,,,,,,,,,,,127050.0,,,,,,,,,,,,,,,,,,,,,,,,,,,,,
7242eb32-81f8-11ed-9fa7-005056921581,,,,,,,,,,,,,,,,-58.0,,12.21,,,,,,,,,,,,,,,,,,,,,,,,,,,,,,,,,,,,,,,,,,,,,,1.7,,,,,,,,,,20310.0,,,,,,,,,,,,,,,,,,,,,,,,,,,,,
725a41d4-3350-11ed-9685-005056921581,,,,,,,,,,,,,,,,-49.0,,7.45,,,,,,,,,,,,,,,,,,,,,,,,,,,,5.5,,,,,,,,,,,,,,,,,,,4488.0,,,,,,,,,22005.0,,,,,,,,,,,,,,,,,,,,,,,,,,,,,
72f74ce4-9090-11ec-83a1-005056921581,,,,,,,62.37,,,,,,,,,-52.0,,11.0,,,,,,,,,,,,,,,,,,,,,,,,,,,,,,,6370.0,170.0,,,,,,,,,,,,,,,,,,,,,,,,29100.0,,,,,,,,,4750.0,,,,,,,,,,,5.0,,,,,,,,,
735ba244-c720-11ed-863f-005056921581,,,,,,,,,,,,,,,,-43.0,,15.389999999999999,,,,,,,,,,,,,,,,,,,,,,,,,,,,,,,,,,,,,,,,,,,,,,,,,,,,,,,,131750.0,,,,,,,,,,,,,,,,,,,,,,,,,,,,,
7425ca88-60c8-11ed-82a1-005056921581,,,,,,,,,,,,,,,,-65.0,,5.779,,,,,,,,,,,,,,,,,,,,,,,,,,,,,,,,,,,,,,,,,,,,,,2.18,,,,,,,,,,1472.0,,,,,,,,,,,,,,,,,,,,,,,,,,,,,
74d1e252-4546-11ed-95be-005056921581,,,,,,,,,,,,,,,,,,7.77,,,,,,,,,,,,,,,,,,,,,,,,,,,,4.17,,,,,,,,,,,,,,,,,,,2170.0,,,,,,,,,23060.0,,,,,,,,,,,,,,,3.7,,,,,,,,,,,,,,
74f34794-552c-11ed-890d-005056921581,,,,,,,,,,,,,,,,-59.0,,6.413,,,,,,,,,,,,,,,,,,,,,,,,,,,,,,,,,,,,,,,,,,,,,,1.93,,,,,,,,,,3711.0,,,,,,,,,,,,,,,,,,,,,,,,,,,,,
751b8e50-d922-11ed-8ff0-005056921581,,,,,,,,,,,,,,,,-54.0,,7.0,,,,5585.0,,,,,,,,,,,,,,,,,,,,,,,,3.87,,,,,,,,,,,,,,,,,,,,,,,,,,,,10790.0,,,,,,,,,,,,,,,,,,,,,,,,,,,,,
759b4770-a614-11ee-9529-005056921581,,,,,,,,,,,,,,,,-45.0,,15.68,,,,,,,,,,,,,,,,,,,,,,,,,,,,,,,,,,,,,,,,,,,,,,,,,,,,,,,,109800.0,,,,,,,,,,,,,,,,,,,,,,,,,,,,,
75df609e-1fce-11ee-8a17-005056921581,,,,,,,,,,,,,,,,-40.0,,16.05,,,,,,,,,,,,,,,,,,,,,,,,,,,,4.46,,,,,,,,,,,,,,,,,,,,,,,,,,,,87330.0,,,,,,,,,,,,,,,,,,,,,,,,,,,,,
76064f6a-63dc-11ec-8eb2-005056921581,,,,,,,,,,,,,,,,-42.0,,9.32,,,,,,,,,,,,,,,,,,,,,,,,,,,,,,,,,,,,,,,,,,,,,,,,,,,,,,,,167200.0,,,,,,,,,,,,,,,,,,,,,,,,,,,,,
76dc25ae-0f43-11ee-9c71-005056921581,,,,,,,32.07,,,,,,,,,-47.0,,6.355,,,,,,,3186.0,,,,,,,,,,,,,,,,,,,,,,,,,154.0,,,,,,,,,,,,,,4.37,,,,,,,,,,10875.0,,,,,,,,,,,,,,,,,,,,,,,,,,,,,
76f1aa9a-09e0-11ee-8bcd-005056921581,,,,,,,,,,,,,,,,-42.0,,15.389999999999999,,,,,,,,,,,,,,,,,,,,,,,,,,,,,,,,,,,,,,,,,,,,,,,,,,,,,,,,108200.0,,,,,,,,,,,,,,,,,,,,,,,,,,,,,
77671ffa-3fec-11ed-8432-005056921581,,0.047,,,,,41.41,0.25,,0.45,4.46,,,,3.75,-42.0,0.12,7.81,,3.3,,,,1.08,,,3.2,,,10.0,,0.0,,,,,,,0.55,,,,,,0.75,,7.56,,,162.0,,,,39.34,,,,,5.0,,2.07,,0.0,4.83,,,,40.33,,,41.41,7.36,,28700.0,,,2.61,,,7.81,2.07,7.04,,5.76,,,,,,,,,0.92,,,,,,,,,,
77a82e46-0e6e-11ed-8e9d-005056921581,,,,,,,,,,,,,,,,-48.0,,7.78,,,,,,,,,,,,,,,,,,,,,,,,,,,,5.5,,,,,,,,,,,,,,,,,,,,,,,,,,,,52990.0,,,,,,,,,,,,,,,5.37,,,,,5.63,,,,,,,,,
7850d65e-0f30-11ee-9c71-005056921581,0.429,0.091,,,,,36.08,,,,3.06,,,,4.57,-64.0,0.17,7.19,,-0.4,77.5,4811.0,,,,,,,,,392.0,,,,,,,,0.58,,,,,,,3.81,,,,168.0,,,,,160.0,,,,,,11.75,,,,,,0.359,,,,,,,10995.0,,,,,,,,8.07,,,,,0.301,,,,,,4.24,,85.0,,,,,,,0.104,
78e88e28-e0c3-11ec-95ab-005056921581,,0.074,,,,,,,,,,,,,,-44.0,,15.4,,,,,,,,,,,,30.0,,20.0,,,,,,,,,,856.3,,,,4.8,,853.2,,,,,,,,,,,,,,,10.0,,,,,,,,,,,111850.0,,,,,,,,,,,,,,,,,,,,,,,,222.0,,,,,
7c66d05c-4ee9-11ed-8ba0-005056921581,,,,,,,,,,,,,,,,-47.0,,5.789999999999999,,,,,,,,,,,,,,,,,,,,,,,,,,,,,,,,,,,,,,,,,,,,,,2.65,,,,,,,,,,6147.0,,,,,,,,,,,,,,,,,,,,,,,,,,,,,
7d9e6a92-4b89-11ed-9952-005056921581,,,,,,,,,,,,,,,,-44.0,,15.62,,,,,,,,,,,,30.0,,10.0,,,,,,,,,,852.2,,,,,,848.1,,166.0,,,,,,,,,,,,,10.0,,,,,,,,,,,96855.0,,,,,,,,,,,,,,,,,,,,,,,,,,,,,
7dd18f3e-85dc-11ed-8bea-005056921581,,,,,,,,,,,,,,,,-41.0,,9.9,,,,,,,,,,,,,,,,,,,,,,,,,,,,6.7,,,,,,,,,,,,,,,,,,,,,,,,,,,,79350.0,,,,,,,,,,,,,,,,,,,,,,,,,,,,,
7de67266-b4ac-11ec-8ff7-005056921581,,,,,,,,,,,,,,,,,,11.07,,,,,,,,,,,,,,,,,,,,,,,,,,,,,,,,,,,,,,,,,,,,,,,,,,,,,,,,143950.0,,,,,,,,,,,,,,,,,,,,,,,,,,,,,
7e24f938-8eb1-11ee-8345-005056921581,,,,,,,,,,,,,,,,-44.0,,15.61,,,,,,,,,,,,,,,,,,,,,,,,,,,,,,,,,,,,,,,,,,,,,,,,,,,,,,,,111900.0,,,,,,,,,,,,,,,,,,,,,,,,,,,,,
7ea56ca8-c323-11ed-9f4e-005056921581,,,,,,,,,,,,,,,,-44.0,,15.299999999999999,,,,,,,,,,,,,,,,,,,,,,,,,,,,,,,,,,,,,,,,,,,,,,,,,,,,,,,,136400.0,,,,,,,,,,,,,,,,,,,,,,,,,,,,,
7f24f740-850a-11ed-9343-005056921581,,,,,,,,,,,,,,,,-65.0,,5.462,,,,,,,,,,,,,,,,,,,,,,,,,,,,,,,,,,,,,,,,,,,,,,1.7,,,,,,,,,,2815.0,,,,,,,,,,,,,,,,,,,,,,,,,,,,,
7f5ebbbc-d832-11ed-9c4c-005056921581,,0.031000000000000003,,,1466.0,,,,,,,,,,,-50.0,,7.28,,,150.0,,,,,,,,,10.0,,20.0,,,,,,,,,,,,,,4.34,,,,,,,,,,,,,,,,,30.0,,,,,,,,,,,13010.0,,,,,,,,,,,,,,,,,,,,,3.0,,,,,,,,
7fd5de08-4639-11ed-8278-005056921581,,,,,,,,,,,,,,,,-45.0,,15.49,,,,,,,,,,,,20.0,,0.0,,,,,,,,,,849.7,,,,,,846.6,,165.0,,,,,,,,,,,,,0.0,,,,,,,,,,,93125.0,,,,,,,,,,,,,,,,,,,,,,,,,,,,,
808cb8ae-74aa-11ed-8467-005056921581,,,,,,,61.61,,,,,,,,,-42.0,,9.74,,,,,,,,,,,,20.0,,0.0,,,,,,,,,,852.8,,,,6.7,,849.7,,142.0,,,,,,,,,,,,,0.0,,,,,,,,,,,74250.0,,,,,,,,,,,,,,,,,,,,,,,,240.0,,,,,
8170f920-5f37-11ed-855c-005056921581,,,,,,,96.59,,,,0.55,,,,2.33,-36.0,0.59,14.52,,4.22,,,,,,,,,,,,,,,,,,,2.55,,,,,,,,,,,156.0,,,,,,,,,,,23.72,,,6.2700000000000005,,,,,,,,,,115800.0,,,,,,,,17.56,,,,,,,,,,,22.91,,,,,,,,,,
81d5c538-c97d-11ee-95e1-005056921581,,,,,,,,2.28,,,,,,,,-53.0,,7.46,,,,,,5.66,,,30.56,,,,,,,,,,,,,,,,,,,,5.18,,,,,,,,,,,,,,,,,4.5,,,,26.329999999999995,,,36.22,,,17200.0,,,27.31,,,7.46,,,,,,,,,,,,,,,,,,,,,,,
8247f70a-b982-11ec-824f-005056921581,,,,,,,,,,,,,,,,-42.0,,15.53,,,,,,,,,,,,,,,,,,,,,,,,,,,,4.75,,,,,,,,,,,,,,,,,,,,,,,,,,,,119200.0,,,,,,,,,,,,,,,,,,,,,,,,,,,,,
8248177e-dcec-11ed-803e-005056921581,,,,,,,,,,,,,,,,-55.0,,6.9399999999999995,,,,5107.0,,,,,,,,,,,,,,,,,,,,,,,,,,,,,,,,,,,,,,,,,,,,,,,,,,,,11630.0,,,,,,,,,,,,,,,,,,,,,,,,,,,,,
824e8c36-1c8e-11ed-8b6a-005056921581,,,,,,,,,,,,,,,,-53.0,,8.5,,,,,,,,,,,,,,,,,,,,,,,,,,,,4.11,,,,,,,,,,,,,,,,,,,,,,,,,,,,16800.0,,,,,,,,,,,,,,,3.7,,,,,,,,,,,,,,
83bf60fa-e424-11ed-9764-005056921581,,,,,2469.0,,,,,,,,,,,-45.0,,7.28,,,,,,,,,,,,,,,,,,,,,,,,,,,,4.0,,,,,,,,,,,,,,,,,,,,,,,,,,,,40200.0,,,,,,,,,,,,,,,,,,,,,,,,,,,,,
83fe2f9c-4ded-11ed-9a6d-005056921581,,,,,,,,,,,,,,,,-52.0,,3.7,,,,,,,,,,,,,,,,,,,,,,,,,,,,,,,,,,,,,,,,,,,,,,2.65,,,,,,,,,,2031.0,,,,,,,,,,,,,,,,,,,,,,,,,,,,,
84bda94a-74b5-11ee-9219-005056921581,,,-39.0,,,,25.83,,,,,,,,,-42.0,,5.35,,,120.0,,,,,,,,,20.0,,130.0,,,,,,,,,,,,,,,,,,147.0,,,,,,,,,,,,,140.0,,,,,,,,,,,21480.0,,,,,,,,,,,,,,,,,,,,,3.0,,,,,,,,
854481d4-b640-11ec-8ff7-005056921581,,,,,,,,,,,,,,,,-41.0,,15.06,,,,,,,,,,,,,,,,,,,,,,,,,,,,4.76,,,,,,,,,,,,,,,,,,,,,,,,,,,,161300.0,,,,,,,,,,,,,,,,,,,,,,,,,,,,,
85d89156-9bb6-11ed-8228-005056921581,,,,,,,,,,,,,,,,-50.0,,7.16,,,,,,,,,,,,,,,,,,,,,,,,,,,,4.29,,,,,,,,,,,,,,,,,,,,,,,,,,,,8674.0,,,,,,,,,,,,,,,,,,,,,,,,,,,,,
867c3bb0-a9dd-11ec-9d4e-005056921581,,,,,,,,,,,,,,,,-40.0,,16.28,,,,,,,,,,,,,,,,,,,,,,,,,,,,4.75,,,,,,,,,,,,,,,,,,,,,,,,,,,,385200.0,,,,,,,,,,,,,,,,,,,,,,,,,,,,,
875d5aa8-4dea-11ed-9a6d-005056921581,,,,,,,,,,,,,,,,-43.0,,13.76,,,,,,,,,,,,,,,,,,,,,,,,,,,,,,,,,,,,,,,,,,,,,,6.34,,,,,,,,,,239500.0,,,,,,,,,,,,,,,,,,,,,,,,,,,,,
87ad1916-c590-11ee-8071-005056921581,,,,,,,,,,,,,,,,-45.0,,15.7,,,,,,,,,,,,,,,,,,,,,,,,,,,,,,,,,,,,,,,,,,,,,,,,,,,,,,,,80820.0,,,,,,,,,,,,,,,,,,,,,,,,,,,,,
886129e0-9d75-11ed-9fac-005056921581,,,,,,,,,,,,,,,,-44.0,,14.299999999999999,,,120.0,,,,,,,,,,,,,,,,,,,,,,,,,,,,,,,,,,,,,,,,,,,,,,,,,,,,,73335.0,,,,,,,,,,,,,,,,,,,,,3.0,,,,,,,,
8a086222-0cde-11ed-87b0-005056921581,,,,,,,,,,,,,,,,-48.0,,7.3,,,,,,,,,,,,,,,,,,,,,,,,,,,,4.97,,,,,,,,,,,,,,,,,,,,,,,,,,,,47850.0,,,,,,,,,,,,,,,5.37,,,,,,,,,,,,,,
8a266964-545c-11ed-993d-005056921581,,,,,,,,,,,7.609999999999999,,,,3.13,,0.84,7.44,,1.46,,,,,,,,,,,,,,,,,,,-0.17,,,,,,,,,,,,,,,,160.0,,,,,,-0.78,,,4.91,,,,,,,,,,16895.0,,,,,,,,-2.3,,,,,,,,,,,-0.29,,192.0,,,,,,,,
8ccacaa0-2221-11ee-97a6-005056921581,,,,,,,,,,,,,,,,-40.0,,16.24,,,,,,,,,,,,,,,,,,,,,,,,,,,,4.46,,,,,,,,,,,,,,,,,,,,,,,,,,,,100000.0,,,,,,,,,,,,,,,,,,,,,,,,,,,,,
8d12156a-487c-11ed-8f1b-005056921581,,,,,,,,,,,,,,,,-51.0,,7.63,,,,,,,,,,,,,,,,,,,,,,,,,,,,4.06,,,,,,,,,,,,,,,,,,,1974.0,,,,,,,,,20325.0,,,,,,,,,,,,,,,3.5,,,,,,,,,,,,,,
8d5a5f02-18af-11ed-98cd-005056921581,,,,,,,,,,,,,,,,-43.0,,9.75,,,,,,,,,,,,,,,,,,,,,,,,,,,,6.1,,,,,,,,,,,,,,,,,,,,,,,,,,,,66240.0,,,,,,,,,,,,,,,,,,,,,,,,,,,,,
8eb5c4a6-a8e6-11ec-9d4e-005056921581,,,,,,,,,,,,,,,,-42.0,,16.43,,,,,,,,,,,,,,,,,,,,,,,,,,,,4.75,,,,,,,,,,,,,,,,,,,,,,,,,,,,235650.0,,,,,,,,,,,,,,,,,,,,,,,,,,,,,
8fff8c66-ddc9-11ed-8992-005056921581,,,,,2362.0,,,,,,,,,,,-47.0,,7.410000000000001,,,,,,,,,,,,,,,,,,,,,,,,,,,,4.04,,,,,,,,,,,,,,,,,,,,,,,,,,,,26440.0,,,,,,,,,,,,,,,,,,,,,,,,,,,,,
9042fe28-0f2f-11ee-9c71-005056921581,0.347,0.094,,,,,34.25,,,,3.81,,,,4.58,-64.0,0.41,6.89,,0.25,77.5,4262.0,,,,,,,,,392.0,,,,,,,,0.58,,,,,,,3.81,,,,166.0,,,,,160.0,,,,,,10.13,,,,,,0.357,,,,,,,8597.0,,,,,,,,8.42,,,,,0.276,,,,,,3.47,,85.0,,,,,,,0.109,
90ce2756-53fa-11ec-92cf-005056921581,,,,,,,56.04,,,,,,,,,-46.0,,11.05,,,,,,,,,,,,,,,,,,,,,,,,,,,,,,,5300.0,194.0,,,,,,,,,,,,,,,,,,,,,,,,29200.0,,,,,,,,,3360.0,,,,,,,,,,,5.0,,,,,,,,,
9344ed20-2177-11ee-97a6-005056921581,0.0003,0.065,,,,,63.650000000000006,,,,0.0,,,,2.71,-42.0,1.31,9.848,,2.06,20.0,,,,,,,,,,392.0,,,,,,,,1.7400000000000002,,,,,,,6.699999999999999,,,,139.0,,,,,160.0,,,,,,32.38,,,,,,0.367,,3283.0,,,,,90075.0,,,,,,,,17.68,,,,,0.48199999999999993,,,,,,20.61,,126.0,,,,,,,0.071,
94d31e5a-d46f-11ed-9883-005056921581,,0.023,,,2466.0,,,,,,,,,,,-48.0,,7.209999999999999,,,150.0,,,,,,,,,40.0,,20.0,,,,,,,,,,,,,,5.04,,,,,,,,,,,,,,,,,30.0,,,,,,,,,,,10562.0,,,,,,,,,,,,,,,,,,,,,3.0,,,,,,,,
94e259e8-c590-11ee-8071-005056921581,,,,,,,,,,,,,,,,-43.0,,15.75,,,,,,,,,,,,,,,,,,,,,,,,,,,,,,,,,,,,,,,,,,,,,,,,,,,,,,,,90530.0,,,,,,,,,,,,,,,,,,,,,,,,,,,,,
951b79d0-81f8-11ed-9fa7-005056921581,,,,,,,,,,,,,,,,-55.0,,11.5,,,,,,,,,,,,,,,,,,,,,,,,,,,,,,,,,,,,,,,,,,,,,,2.06,,,,,,,,,,25910.0,,,,,,,,,,,,,,,,,,,,,,,,,,,,,
95c626b8-b260-11ec-8ff7-005056921581,,,,,,,,,,,,,,,,-41.0,,15.19,,,,,,,,,,,,,,,,,,,,,,,,,,,,4.759999999999999,,,,,,,,,,,,,,,,,,,,,,,,,,,,151000.0,,,,,,,,,,,,,,,,,,,,,,,,,,,,,
96ccc9bc-d538-11ed-9f86-005056921581,,0.016,,,1690.0,,,,,,,,,,,-51.0,,5.77,,,,,,,,,,,,10.0,,0.0,,,,,,,,,,,,,,,,,,,,,,,,,,,,,,,10.0,4.5,,,,,,,,,,7680.0,,,,,,,,,,,,,,,,,,,,,,,,,,,,,
97fdfbae-368f-11ee-87a4-005056921581,0.0004000000000000001,0.034,,,,,190.4,,,,19.53,,,,-1.09,-47.0,2.24,25.7,,8.41,25.0,,,,,,,,1303.0,10.0,392.0,0.0,,,,-2.9,,-0.7,-1.15,,,,-1.52,-0.18,,,,,,166.0,,25.88,,,160.0,,,,,,-8.09,645.0,0.0,,,,0.352,,3920.0,,190.4,,,138100.0,,,,,,25.7,,-4.47,,,,,2.07,,,,193.3,,-12.5,,126.0,,,212.0,,,,0.00010000000000000002,
98d7eeda-381c-11ed-9a4d-005056921581,,,,,,,,,,,,,,,,-43.0,,15.17,,,,,,,,,,,,,,,,,,,,,,,,,,,,,,,,165.0,,,,,,,,,,,,,,,,,,,,,,,,85875.0,,,,,,,,,,,,,,,,,,,,,,,,,,,,,
9aba5c66-0f43-11ee-9c71-005056921581,,,,,,,32.98,,,,,,,,,-46.0,,6.444,,,,,,,4516.0,,,,,,,,,,,,,,,,,,,,,,,,,152.0,,,,,,,,,,,,,,4.46,,,,,,,,,,14840.0,,,,,,,,,,,,,,,,,,,,,,,,,,,,,
9b98b4dc-851f-11ee-9d2f-005056921581,,,-44.0,,,,27.81,0.2,,,,,,,,-47.0,,5.75,,,,,,0.8,,,3.44,,,10.0,,10.0,,,,,,,,,,,,,,3.94,5.62,,,155.0,,,,,,,,,,,,,10.0,,,,,27.009999999999998,,,27.81,,,10010.0,,,2.91,,,5.82,,,,,,,,,,,,,,,,,,,,,,,
9bd22d12-c042-11ee-8fe1-005056921581,,,,,,,,,,,,,,,,-40.0,,35.19,,,,,,,,,,,,,,,,,,,,,,,,,,,,,,,,,,,,,,,,,,,,,,,,,,,,,,,,266400.0,,,,,,,,,,,,,,,,,,,,,,,,,,,,,
9d2d54fa-d832-11ed-9c4c-005056921581,,,,,,,,,,,,,,,,,,7.28,,,150.0,,,,,,,,,,,,,,,,,,,,,,,,,,,,,,,,,,,,,,,,,,,,,,,,,,,,,13010.0,,,,,,,,,,,,,,,,,,,,,3.0,,,,,,,,
a0fc215e-3267-11ed-8a15-005056921581,,,,,,,,,,,,,,,,-42.0,,9.28,,,,,,,,,,,,,,,,,,,,,,,,,,,,,,,,,,,,,,,,,,,,,,,,,,,,,,,,143800.0,,,,,,,,,,,,,,,5.42,,,,,,,,,,,,,,
a1753376-c323-11ed-9f4e-005056921581,,,,,,,,,,,,,,,,-43.0,,15.330000000000002,,,,,,,,,,,,,,,,,,,,,,,,,,,,,,,,,,,,,,,,,,,,,,,,,,,,,,,,138100.0,,,,,,,,,,,,,,,,,,,,,,,,,,,,,
a1976ab4-2614-11ee-88f6-005056921581,,,,,,,,,,,,,,,,-43.0,,15.330000000000002,,,,,,,,,,,,,,,,,,,,,,,,,,,,4.48,,,,,,,,,,,,,,,,,,,,,,,,,,,,81700.0,,,,,,,,,,,,,,,,,,,,,,,,,,,,,
a1f2239c-8eaf-11ee-8345-005056921581,,,,,,,,,,,,,,,,-45.0,,15.41,,,,,,,,,,,,,,,,,,,,,,,,,,,,,,,,,,,,,,,,,,,,,,,,,,,,,,,,96630.0,,,,,,,,,,,,,,,,,,,,,,,,,,,,,
a237fd80-bc93-11ec-9ebf-005056921581,,,,,,,,,,,,,,,,-42.0,,15.53,,,,,,,,,,,,,,,,,,,,,,,,,,,,4.8,,,,,,,,,,,,,,,,,,,,,,,,,,,,134550.0,,,,,,,,,,,,,,,,,,,,,,,,,,,,,
a23bc75e-c16e-11ed-8ecc-005056921581,,0.177,,,,,108.1,,,,,,,,,-43.0,,17.11,,,,,,,,,,,,,,,,,,,,,,,,,,,,,,,,,,,,,,,,,,,,,,,,,,,5204.0,,,,,110800.0,,,,,,,,,,,,,2.036,,,0.674,,,,,,0.318,,,,,,,
a29850d2-3feb-11ed-8432-005056921581,,0.078,,,,,100.1,,,,14.52,,,,3.28,,0.8400000000000001,15.49,,7.57,,,,,,,,,,10.0,,0.0,,,,,,,3.96,,,,,,,,,,,164.0,,,,,,,,,,,32.67,,0.0,,,,,,,,,,,115700.0,,,,,,,,25.56,,,,,,,,,,,32.7,,,,,,,,,,
a3223c04-0745-11ed-9115-005056921581,,,,,,,,,,,,,,,,-46.0,,7.22,,,,,,,,,,,,,,,,,,,,,,,,,,,,4.1,,,,,,,,,,,,,,,,,,,,,,,,,,,,619500.0,,,,,,,,,,,,,,,3.24,,,,,,,,,,,,,,
a3409f28-5f38-11ed-855c-005056921581,,,,,,,102.29999999999998,,,,8.85,,,,0.88,-42.0,2.51,15.2,,5.69,,,,,,,,,,,,,,,,,,,5.489999999999999,,,,,,,,,,,156.0,,,,,,,,,,,45.75,,,6.21,,,,,,,,,,126750.0,,,,,,,,26.12,,,,,,,,,,,46.8,,,,,,,,,,
a4246106-687e-11ec-8eb2-005056921581,,,,,,,,,,,,,,,,-43.0,,9.42,,,,,,,,,,,,,,,,,,,,,,,,,,,,,,,,,,,,,,,,,,,,,,,,,,,,,,,,117300.0,,,,,,,,,,,,,,,,,,,,,,,,,,,,,
a48a83a4-76ed-11ed-8822-005056921581,,,,,,,,,,,,,,,,,,8.2,,,,,,,,,,,,,,,,,,,,,,,,,,,,5.0,,,,,,,,,,,,,,,,,,,4435.0,,,,,,,,,20150.0,,,,,,,,,,,,,,,,,,,,,,,,,,,,,
a4bee95c-2177-11ee-97a6-005056921581,0.0002,0.065,,,,,64.44,,,,0.0,,,,2.73,-43.0,1.04,9.941,,2.38,20.0,,,,,,,,,,392.0,,,,,,,,1.16,,,,,,,6.699999999999999,,,,139.0,,,,,160.0,,,,,,24.08,,,,,,0.391,,3283.0,,,,,94900.0,,,,,,,,11.71,,,,,0.49199999999999994,,,,,,15.52,,126.0,,,,,,,0.068,
a4e36c3e-c172-11ec-9ebf-005056921581,,,,,,,,,,,,,,,,-46.0,,9.74,,,,,,,,,,,,,,,,,,,,,,,,,,,,6.1,,,,,,,,,,,,,,,,,,,,,,,,,,,,48125.0,,,,,,,,,,,,,,,,,,,,,,,,,,,,,
a5188788-ca4a-11ee-94c1-005056921581,,,,,,,,,,,,,,,,-49.0,,26.01,,,,,,,,,,,,,,,,,,,,,,,,,,,,,,,,,,,,,,,,,,,,,,,,,,,,,,,,94565.0,,,,,,,,,,,,,,,,,,,,,,,,,,,,,
a52383b0-045a-11ee-9aec-005056921581,0.003,0.056,,,,,100.7,,,,,,,,,-42.0,,15.539999999999997,,,120.0,,,,,,,,,20.0,,10.0,,,,,,,,,,867.9,,,,,,864.8000000000001,,164.0,,,,,,,,,,,,,10.0,4.64,,,,,,,,,,133300.0,,,,,,,,,,,,,0.735,,,,,,,,3.0,,,236.0,,,,0.064,
a5471efe-5f57-11ed-9217-005056921581,,,,,,,,,,,,,,,,-68.0,,6.328000000000001,,,,,,,,,,,,,,,,,,,,,,,,,,,,,,,,,,,,,,,,,,,,,,1.85,,,,,,,,,,2685.0,,,,,,,,,,,,,,,,,,,,,,,,,,,,,
a602a89e-76eb-11ed-8822-005056921581,,,,,,,,,,,,,,,,,,8.5,,,,,,,,,,,,,,,,,,,,,,,,,,,,3.7,,,,,,,,,,,,,,,,,,,1749.0,,,,,,,,,10230.0,,,,,,,,,,,,,,,,,,,,,,,,,,,,,
a71da2be-4871-11ec-9a69-005056921581,,,,,,,,,,,,,,,,-51.0,,5.8,,,,,,,,,,,,,,,,,,,,,,,,,,,,,,,,145.0,,,,,,,,,,,,,,,,,,,,,,,,11810.0,,,,,,,,,,,,,,,,,,,,,,,,,,,,,
ab5e76c2-6fb8-11ed-97f8-005056921581,,,,,,,,,,,,,,,,-59.0,,6.504,,,,,,,,,,,,,,,,,,,,,,,,,,,,,,,,,,,,,,,,,,,,,,2.17,,,,,,,,,,2061.0,,,,,,,,,,,,,,,,,,,,,,,,,,,,,
ac37cb5a-fe9a-11ec-8ee8-005056921581,,0.073,,,,,,,,,,,,,,-40.0,,15.229999999999999,,,,,,,,,,,,10.0,,0.0,,,,,,,,,,843.3,,,,4.51,,840.0,,,,,,,,,,,,,,,0.0,,,,,,,,,,,97700.0,,,,,,,,,,,,,,,,,,,,,,,,206.0,,,,,
acb5f03c-5a77-11ed-89c9-005056921581,,,,,,,,,,,,,,,,-53.0,,7.49,,,,,,,,,,,,,,,,,,,,,,,,,,,,4.08,,,,,,,,,,,,,,,,,,,1648.0,,,,,,,,,18000.0,,,,,,,,,,,,,,,3.1,,,,,,,,,,,,,,
acb8f3da-a0a9-11ee-8a84-005056921581,,,,,,,,,,,,,,,,-51.0,,7.67,,,,,,,,,,,,,,,,,,,,,,,,,,,,,,,,,,,,,,,,,,,,,,5.0,2596.0,,,,,,,,,21580.0,,,,,,,,,,,,,,,,,,,,,,,,,,,,,
ad4eaab8-cf09-11ee-9e5f-005056921581,,,,,,,,,,,,,,,,,,7.85,,,,,,,,,,,,,,,,,,,,,,,,,,,,,,,,,,,,,,,,,,,,,,,,,,,,,,,,61500.0,,,,,,,,,,,,,,,,,,,,,,,,,,,,,
ae830b02-5086-11ed-8429-005056921581,,,,,,,,,,,,,,,,-52.0,,7.27,,,,,,,,,,,,,,,,,,,,,,,,,,,,3.76,,,,,,,,,,,,,,,,,,,1269.0,,,,,,,,,12915.0,,,,,,,,,,,,,,,3.1,,,,,,,,,,,,,,
b0a0604e-abab-11ed-8d81-005056921581,0.0,0.122,,,,,63.18,,,,,,,,,-43.0,,9.72,,,,,,,,,,,,30.0,,400.0,,,,,,,,,,858.1,,,,6.7,,855.0,,137.0,,,,,,,,,,,,,310.0,,,,,,,,,,,86845.0,,,,,,,,,,,,,,,,,,,,,,,,215.0,,,,,
b0bbed02-a06e-11ed-9f24-005056921581,,,,,,,,,,,,,,,,-43.0,,15.89,,,,,,,,,,,,,,,,,,,,,,,,,,,,,,,,,,,,,,,,,,,,,,,,,,,,,,,,84000.0,,,,,,,,,,,,,,,,,,,,,,,,,,,,,
b0c0139c-34ed-11ed-8af2-005056921581,,,,,,,,,,,,,,,,-49.0,,7.37,,,,,,,,,,,,,,,,,,,,,,,,,,,,5.29,,,,,,,,,,,,,,,,,,,6218.0,,,,,,,,,38340.0,,,,,,,,,,,,,,,,,,,,,,,,,,,,,
b16c64d8-c418-11ee-97fb-005056921581,,,,,,,,,,,,,,,,-53.0,,7.480000000000001,,,,,,,,,,,,,,,,,,,,,,,,,,,,,,,,,,,,,,,,,,,,,,4.5,2407.0,,,,,,,,,11205.0,,,,,,,,,,,,,,,,,,,,,,,,,,,,,
b3320eda-c7c0-11ed-9659-005056921581,,0.026,,,,,,,,,,,,,,-49.0,,7.0,,,,,,,,,,,,10.0,,0.0,,,,,,,,,,844.1,,,,,,841.0,,,,,,,,,,,,,,,10.0,,,,,,,,,,,16460.0,,,,,,,,,,,,,,,,,,,,,,,,,,,,,
b35ae502-3356-11ed-9685-005056921581,,0.046,,,,,,0.428,,,,,,,,-42.0,,9.15,,,,,,2.485,,,4.68,,,10.0,,10.0,,,,,,,,,,867.8,,,,,8.723,865.3,,,235.0,,,,,,,,,,,,10.0,,,,,56.135,,,58.62,,,113300.0,,,4.24,,,9.151,,,,,,,,350.0,5.32,,,,,,,,,220.0,,,,,
b44403d8-1d4c-11ed-934f-005056921581,,,,,,,,,,,,,,,,-51.0,,7.639999999999999,,,,,,,,,,,,,,,,,,,,,,,,,,,,4.16,,,,,,,,,,,,,,,,,,,,,,,,,,,,17035.0,,,,,,,,,,,,,,,3.7,,,,,,,,,,,,,,
b62f4c86-c0cd-11ee-8fe1-005056921581,0.04,0.177,,,5824.0,,,,,,,,,,,-50.0,,7.139999999999999,,,,,,,,,,,,20.0,,0.0,,,,,,,,,,864.0,,,,5.04,,867.2,,,,,,,,,,,,,,,0.0,,,,,,,,,,,30080.0,,,,,,,,,,,,,0.101,,,,,,,,,,,,,,,0.002,
b6949c26-b5b7-11ec-8ff7-005056921581,,,,,,,,,,,,,,,,-40.0,,16.4,,,,,,,,,,,,,,,,,,,,,,,,,,,,4.76,,,,,,,,,,,,,,,,,,,,,,,,,,,,174300.0,,,,,,,,,,,,,,,,,,,,,,,,,,,,,
b6d34fba-853c-11ee-9d2f-005056921581,1509.1499999999999,263.0235,-49.0,5.0,,,22.01,0.049999999999999996,0.0,,47.24,1.0,,0.0,3.6899999999999995,-52.0,3.208,4.67,2.27,31.99,77.5,,13.0,1.08,,0.0,0.049999999999999996,,657.0,20.0,392.0,10.0,,,0.0,,,,0.77,,12.0,846.5,,,1.039,4.05,4.76,,,133.0,,,,,170.0,1.0,0.0,1.0,,0.0,28.69,,10.0,,,0.0,0.686,21.82,2450.0,8.2,21.87,,0.0,7507.0,0.0,,0.23,0.0,,4.71,,16.35,,,,0.0,0.44399999999999995,,,,,0.0,6.3,,85.0,,18.71,223.0,0.0,0.0,,0.50005,
b7751294-6fb9-11ed-97f8-005056921581,,,,,,,,,,,,,,,,-62.0,,6.238,,,,,,,,,,,,,,,,,,,,,,,,,,,,,,,,,,,,,,,,,,,,,,2.21,,,,,,,,,,1913.0,,,,,,,,,,,,,,,,,,,,,,,,,,,,,
b7d7d6ce-292b-11ed-9be5-005056921581,,,,,,,,,,,,,,,,-45.0,,9.33,,,,,,,,,,,,,,,,,,,,,,,,,,,,,,,,,,,,,,,,,,,,,,,,,,,,,,,,71550.0,,,,,,,,,,,,,,,,,,,,,,,,,,,,,
b8c62898-802e-11ec-83a1-005056921581,,,,,,,,,,,,,,,,-52.0,,6.09,,,,,,,,,,,,,,,,,,,,,,,,,,,,,,,,,,,,,,,,,,,,,,,,,,,,,,,,12615.0,,,,,,,,,,,,,,,,,,,,,,,,,,,,,
b9312d7e-828e-11ed-9fa7-005056921581,,,,,,,,3.11,,,,,,,,,,7.87,,,,,,13.24,,,39.32,,,,,,,,,,,,,,,,,,,4.2,4.8,,,,,,,,,,,,,,,,,,2722.0,,,24.06,,,37.3,,,15570.0,,,35.5,,,7.91,,,,,,,,,4.02,,,,,,,,,,,,,,
bad9d642-5062-11ee-98f7-005056921581,0.037,0.163,,,,,,,,,,,,,,-47.0,,7.55,,,150.0,,,,,,,,,20.0,,20.0,4.18,,,,,,,7.78,,853.6999999999999,,,0.7,4.3,6.7,850.5,,,,,,,,,,,,,,,20.0,,,,0.42,,,,,,,9698.0,,0.0,,,,,,,,,,,0.089,,,,,,,,3.0,,,220.0,,,,0.0,35.61
baf85236-543a-11ed-993d-005056921581,,,,,,,,,,,,,,,,-44.0,,15.69,,,,,,,,,,,,,,,,,,,,,,,,,,,,,,,,,,,,,,,,,,,,,,,,,,,,,,,,109000.0,,,,,,,,,,,,,,,,,,,,,,,,,,,,,
bb277274-5f16-11ec-803b-005056921581,,,,,,,,,,,,,,,,-40.0,,9.66,,,,,,,,,,,,,,,,,,,,,,,,,,,,,,,,,,,,,,,,,,,,,,,,,,,,,,,,120250.0,,,,,,,,,,,,,,,,,,,,,,,,,,,,,
bb3c499e-c6ca-11ec-9ebf-005056921581,,0.049,,,,,,,,,,,598.0,,,-43.0,,15.39,,,,,,,,,,,,10.0,,0.0,,,,,,,,,,,,,,,,,,,,,,,,,,,,,,,0.0,,,,,,,,,,,100600.0,,,,,,,,,,,3479.0,,,,,0.41,,,,,,,,205.0,,,,,
bb65c6ae-3b21-11ed-82cb-005056921581,,,,,,,,,,,,,,,,-43.0,,15.49,,,,,,,,,,,,20.0,,0.0,,,,,,,,,,849.7,,,,,,846.6000000000001,,165.0,,,,,,,,,,,,,0.0,,,,,,,,,,,93125.0,,,,,,,,,,,,,,,,,,,,,,,,,,,,,
bbb99bd8-4497-11ed-8e3b-005056921581,,,,,,,,,,,,,,,,-52.0,,7.83,,,,,,,,,,,,,,,,,,,,,,,,,,,,4.17,,,,,,,,,,,,,,,,,,,2170.0,,,,,,,,,,,,,,,,,,,,,,,,3.7,,,,,,,,,,,,,,
bc235106-2144-11ee-8516-005056921581,,,,,,,,,,,,,,,,-42.0,,15.930000000000001,,,,,,,,,,,,,,,,,,,,,,,,,,,,,,,,,,,,,,,,,,,,,,,,,,,,,,,,107700.0,,,,,,,,,,,,,,,,,,,,,,,,,,,,,
bc433150-fdff-11ed-8421-005056921581,,,,,,,28.390000000000004,0.83,,,,,,,,-54.0,,6.218,,,,,,3.37,1862.0,,13.379999999999999,,,,,,,,,,,,,,,,,,,,5.386,,,178.0,,,,,,,,,,,,,,4.25,,,,25.08,,,28.390000000000004,,,6306.0,,,11.88,,,6.218,,,,,,,,,,,,,,,,,,,,,,,
bc72a9f6-b63b-11ec-8ff7-005056921581,,,,,,,,,,,,,,,,-43.0,,14.82,,,,,,,,,,,,,,,,,,,,,,,,,,,,4.76,,,,,,,,,,,,,,,,,,,,,,,,,,,,117900.0,,,,,,,,,,,,,,,,,,,,,,,,,,,,,
bcdd722c-c679-11ee-9e1a-005056921581,,,,,,,,3.44,,,,,,,,-45.0,,15.29,,,,,,19.29,,,22.5,,,,,,,,,,,,,,,,,,,4.66,11.85,,,,,,,,160.0,,,,,,,,,,,,,68.69,,,87.98,,,71475.0,,,21.93,,,15.29,,,,,,,,,,,,,,,192.0,,,,,,,,
bd560c64-83c1-11ee-9333-005056921581,,,,,,,,,,,,,,,,-53.0,,7.73,,,,,,,,,,,,,,,,,,,,,,,,,,,,4.1,,,,,,,,,,,,,,,,,,,,,,,,,,,,16765.0,,,,,,,,,,,,,,,,,,,,,,,,,,,,,
bda4fefa-13ce-11ed-94cf-005056921581,,,,,,,,,,,,,,,,-49.0,,7.41,,,,,,,,,,,,,,,,,,,,,,,,,,,,5.0,,,,,,,,,,,,,,,,,,,,,,,,,,,,16815.0,,,,,,,,,,,,,,,,,,,,,,,,,,,,,
be6d58fc-a076-11ed-9f24-005056921581,,,,,,,,3.39,,,,,,,,-50.0,,7.86,,,,,,13.72,,,43.13,,,,,,,,,,,,,,,,,,,3.75,4.47,,,,,,,,,,,,,,,,,,1855.0,,,21.12,,,34.84,,,13800.0,,,39.38,,,7.86,,,,,,,,,3.49,,,,,,,,,,,,,,
bebb9412-0f40-11ed-9900-005056921581,,,,,,,,,,,,,,,,-47.0,,6.959999999999999,,,,,,,,,,,,,,,,,,,,,,,,,,,,5.0,,,,,,,,,,,,,,,,,,,,,,,,,,,,19240.0,,,,,,,,,,,,,,,,,,,,,,,,,,,,,
bf71ab8a-6bed-11ed-87f9-005056921581,,,,,,,,,,,,,,,,-69.0,,5.721,,,,,,,,,,,,,,,,,,,,,,,,,,,,,,,,,,,,,,,,,,,,,,3.01,,,,,,,,,,1936.0,,,,,,,,,,,,,,,,,,,,,,,,,,,,,
bfcaec72-c4a3-11ed-9cc3-005056921581,,,,,,,,,,,,,,,,-48.0,,7.32,,,,,,,,,,,,,,,,,,,,,,,,,,,,5.059999999999999,,,,,,,,,,,,,,,,,,,,,,,,,,,,40500.0,,,,,,,,,,,,,,,,,,,,,,,,,,,,,
bfecf1da-b641-11ec-8ff7-005056921581,,,,,,,,,,,,,,,,-42.0,,15.01,,,,,,,,,,,,,,,,,,,,,,,,,,,,4.76,,,,,,,,,,,,,,,,,,,,,,,,,,,,117600.0,,,,,,,,,,,,,,,,,,,,,,,,,,,,,
bfef46c6-b63f-11ec-8ff7-005056921581,,,,,,,,,,,,,,,,-42.0,,15.35,,,,,,,,,,,,,,,,,,,,,,,,,,,,4.76,,,,,,,,,,,,,,,,,,,,,,,,,,,,160050.0,,,,,,,,,,,,,,,,,,,,,,,,,,,,,
c189e03a-34fd-11ed-8af2-005056921581,,,,,,,,,,,,,,,,-54.0,,7.609999999999999,,,,,,,,,,,,,,,,,,,,,,,,,,,,4.14,,,,,,,,,,,,,,,,,,,2301.0,,,,,,,,,13565.0,,,,,,,,,,,,,,,3.85,,,,,,,,,,,,,,
c29520ba-69a1-11ed-906f-005056921581,,,,,,,,,,,,,,,,-56.0,,8.442,,,,,,,,,,,,,,,,,,,,,,,,,,,,,,,,,,,,,,,,,,,,,,4.48,,,,,,,,,,7900.0,,,,,,,,,,,,,,,,,,,,,,,,,,,,,
c3121260-b602-11ee-870b-005056921581,,,,,,,,,,,,,,,,,,7.319999999999999,,,,,,,,,,,,,,,,,,,,,,,,,,,,,,,,,,,,,,,,,,,,,,4.75,2095.0,,,,,,,,,17275.0,,,,,,,,,,,,,,,,,,,,,,,,,,,,,
c547b7d8-c94f-11ed-973e-005056921581,,0.026,,,,,,0.46,,,,,,,,-54.0,,6.99,,,,,,1.93,,,6.6,,,20.0,,0.0,,,,,,,,,,844.3,,,,,6.53,841.1,,,,,,,,,,,,,,,10.0,,,,,32.8,,,34.73,,,14565.0,,,5.6,,,6.99,,,,,,,,,,,,,,,,,,,,,,,
c6a05dbc-85dc-11ed-8bea-005056921581,,,,,,,,,,,,,,,,-43.0,,10.09,,,,,,,,,,,,,,,,,,,,,,,,,,,,6.7,,,,,,,,,,,,,,,,,,,,,,,,,,,,88200.0,,,,,,,,,,,,,,,,,,,,,,,,,,,,,
c7ae9c00-0666-11ed-9716-005056921581,,,,,,,,,,,,,,,,-50.0,,6.82,,,,,,,,,,,,,,,,,,,,,,,,,,,,4.1,,,,,,,,,,,,,,,,,,,,,,,,,,,,68890.0,,,,,,,,,,,,,,,3.7,,,,,,,,,,,,,,
c7dd733a-76ec-11ed-8822-005056921581,,,,,,,,,,,,,,,,,,10.619999999999997,,,,,,,,,,,,,,,,,,,,,,,,,,,,5.0,,,,,,,,,,,,,,,,,,,4435.0,,,,,,,,,21695.0,,,,,,,,,,,,,,,,,,,,,,,,,,,,,
c7dfa044-b25f-11ec-8ff7-005056921581,,,,,,,,,,,,,,,,-42.0,,15.62,,,,,,,,,,,,,,,,,,,,,,,,,,,,4.76,,,,,,,,,,,,,,,,,,,,,,,,,,,,135800.0,,,,,,,,,,,,,,,,,,,,,,,,,,,,,
c8e46754-ab75-11ec-9d4e-005056921581,,,,,,,,,,,,,,,,-40.0,,16.14,,,,,,,,,,,,,,,,,,,,,,,,,,,,4.75,,,,,,,,,,,,,,,,,,,,,,,,,,,,143150.0,,,,,,,,,,,,,,,,,,,,,,,,,,,,,
c92d31be-6bc3-11ed-93cd-005056921581,,,,,,,117.4,,,,13.930000000000001,,,,1.38,-43.0,0.26,16.43,,6.78,,,,,,,,,,,,,,,,,,,7.95,,,,,,,4.57,,,,,,,,,140.0,,,,,,67.02,,,,,,,,,,,,,125000.0,,,,,,,,51.13,,,,,,,,,,,72.9,,192.0,,,,,,,,
c9dac892-6113-11ee-9304-005056921581,,,,,,,191.5,,,,,,,,,-50.0,,26.12,,,,,,,,,,,,,,,,,,,,,,,,,,,,,,,,171.0,,,,,,,,,,,,,,,,,,,,,,,,129050.0,,,,,,,,,,,,,,,,,,,,,,,,,,,,,
cb28f2de-802b-11ec-83a1-005056921581,,,,,,,,,,,,,,,,-49.0,,6.040000000000001,,,,,,,,,,,,,,,,,,,,,,,,,,,,,,,,,,,,,,,,,,,,,,,,,,,,,,,,10650.0,,,,,,,,,,,,,,,,,,,,,,,,,,,,,
cb82ed28-a614-11ee-9529-005056921581,,,,,,,,,,,,,,,,-44.0,,15.66,,,,,,,,,,,,,,,,,,,,,,,,,,,,,,,,,,,,,,,,,,,,,,,,,,,,,,,,145200.0,,,,,,,,,,,,,,,,,,,,,,,,,,,,,
cb95c1b4-5912-11ed-8a7d-005056921581,,0.171,,,,,37.33,0.85,,,4.02,,,,0.27,-47.0,0.39,7.4,,0.38,,,,3.15,,,11.489999999999998,,,30.0,,20.0,,,,,,,0.31,,,853.9,,,,,6.55,850.8,,,,,,,160.0,,,,,,5.84,,20.0,4.91,,,,34.18,,,37.33,,,16895.0,,,8.44,,,7.4,,4.19,,,,,,,,,,,2.18,,256.0,,,,,,,,
cb9c3156-3b22-11ed-82cb-005056921581,,,,,,,,,,,,,,,,-44.0,,15.62,,,,,,,,,,,,30.0,,10.0,,,,,,,,,,852.2,,,,,,848.1,,166.0,,,,,,,,,,,,,10.0,,,,,,,,,,,96855.0,,,,,,,,,,,,,,,,,,,,,,,,,,,,,
cbdd05a0-a4ff-11ec-9673-005056921581,,,,,,,,,,,,,,,,-43.0,,15.77,,,,,,,,,,,,,,,,,,,,,,,,,,,,,,,,,,,,,,,,,,,,,,,,,,,,,,,,136500.0,,,,,,,,,,,,,,,,,,,,,,,,,,,,,
cc668232-11a9-11ed-9048-005056921581,,,,,,,,,,,,,,,,-48.0,,7.2,,,,,,,,,,,,,,,,,,,,,,,,,,,,4.32,,,,,,,,,,,,,,,,,,,,,,,,,,,,16640.0,,,,,,,,,,,,,,,4.0,,,,,,,,,,,,,,
cc7e63a8-040b-11ed-8557-005056921581,,,,,,,,,,,,,,,,,,16.02,,,,,,,,,,,,,,,,,,,,,,,,,,,,4.88,,,,,,,,,,,,,,,,,,,,,,,,,,,,243600.0,,,,,,,,,,,,,,,,,,,,,,,,,,,,,
ccc88712-c7c4-11ed-9659-005056921581,,0.167,,,,,,,,,,,,,,-41.0,,16.73,,,,,,,,,,,,,,,,,,,,,,,,876.0,,,,,,872.9,,,,,,,,,,,,,,,,,,,,,,,,,,167500.0,,,,,,,,,,,,,2.096,,,,,,,,,,,,,,,,
cdfd2748-34ec-11ed-8af2-005056921581,,,,,,,,,,,,,,,,-50.0,,7.279999999999999,,,,,,,,,,,,,,,,,,,,,,,,,,,,5.12,,,,,,,,,,,,,,,,,,,5638.0,,,,,,,,,31560.0,,,,,,,,,,,,,,,,,,,,,,,,,,,,,
ce564990-0c06-11ed-9b29-005056921581,,,,,,,,,,,,,,,,-43.0,,7.080000000000001,,,,,,,,,,,,,,,,,,,,,,,,,,,,,,,,,,,,,,,,,,,,,,,,,,,,,,,,202200.0,,,,,,,,,,,,,,,3.24,,,,,,,,,,,,,,
ce7a6cd4-ab6c-11ed-8d81-005056921581,0.42,,,,934.0,,,,,,,,,,,-59.0,,6.8,,,,3823.0,,,,,,,,30.0,,10.0,,,,,,,,,,,,,,3.91,,,,,,,,,,,,,,,,,30.0,,,,,,,,,,,9119.0,,,,,,,,,,,,,,,,,,,,,,,,,,,182800.0,0.11,
cf64c430-c172-11ec-9ebf-005056921581,,,,,,,,,,,,,,,,-47.0,,9.82,,,,,,,,,,,,,,,,,,,,,,,,,,,,6.1,,,,,,,,,,,,,,,,,,,,,,,,,,,,52600.0,,,,,,,,,,,,,,,,,,,,,,,,,,,,,
d0a979c4-e8dd-11ed-937b-005056921581,,0.077,,,,,108.6,,,,-0.73,,,,0.28,-42.0,-0.01,17.25,,0.28,,,,,,,,,1098.0,10.0,,0.0,,,,,,,0.05,,,841.3,,,,,,838.1,,174.0,,,,,120.0,,,,,,0.92,599.0,0.0,,,,,,4381.0,,,,,124500.0,,,,,,,,0.29,,,,,1.06,,,0.391,,,1.0,,192.0,,,,,,,,
d0b3a678-d1f0-11ed-929c-005056921581,,,,,,,,,,,,,,,,-43.0,,7.43,,,,,,,,,,,,,,,,,,,,,,,,,,,,4.1,,,,,,,,,,,,,,,,,,,1512.0,,,,,,,,,31050.0,,,,,,,,,,,,,,,3.11,,,,,,,,,,,,,,
d1777f0c-408d-11ed-9f68-005056921581,,,,,,,,,,,,,,,,-50.0,,7.880000000000001,,,,,,,,,,,,,,,,,,,,,,,,,,,,5.0,,,,,,,,,,,,,,,,,,,5236.0,,,,,,,,,31800.0,,,,,,,,,,,,,,,,,,,,,,,,,,,,,
d2af969e-0e69-11ed-8e9d-005056921581,,,,,,,,,,,,,,,,,,7.9399999999999995,,,,,,,,,,,,,,,,,,,,,,,,,,,,4.6,,,,,,,,,,,,,,,,,,,,,,,,,,,,25650.0,,,,,,,,,,,,,,,4.6,,,,,,,,,,,,,,
d2f7962a-8eaf-11ee-8345-005056921581,,,,,,,,,,,,,,,,-44.0,,15.59,,,,,,,,,,,,,,,,,,,,,,,,,,,,,,,,,,,,,,,,,,,,,,,,,,,,,,,,93510.0,,,,,,,,,,,,,,,,,,,,,,,,,,,,,
d45e288e-f3e2-11ed-8a03-005056921581,19.0,1274.0,-36.0,10.0,,,26.96,,0.0,,21.73,3.0,,0.0,5.26,-39.0,4.14,5.64,,14.44,72.5,,1217.0,,,2.0,,,823.0,270.0,392.0,30.0,,600.0,0.0,,,,17.59,,,852.8,,,,,,,,138.0,,,,,160.0,5.0,0.0,123.0,,0.0,426.3,430.0,30.0,,,0.0,0.472,,3087.0,,,,0.0,,0.0,,,0.0,,,,311.9,,,,0.0,,,,,,0.0,114.94,,85.0,,,233.0,0.0,0.0,,1212.0,
d55647bc-2ead-11ed-8c6c-005056921581,,,,,,,,,,,,,,,,-42.0,,9.81,,,,,,,,,,,,,,,,,,,,,,,,,,,,,,,,,,,,,,,,,,,,,,,,,,,,,,,,100280.0,,,,,,,,,,,,,,,5.36,,,,,,,,,,,,,,
d5b55a6c-7ae4-11ed-9727-005056921581,,,,,,,,,,,,,,,,-51.0,,7.66,,,,,,,,,,,,,,,,,,,,,,,,,,,,4.09,,,,,,,,,,,,,,,,,,,2045.0,,,,,,,,,12145.0,,,,,,,,,,,,,,,3.65,,,,,,,,,,,,,,
d6224738-ea53-11ed-9b5d-005056921581,,,,,,,,0.21,,,,,,,,-60.0,,7.09,,,,4943.0,,0.97,,,2.96,,,,,,,,,,,,,,,,,,,3.92,6.88,,,,,,,,,,,,,,,,,,,,,35.6,,,36.57,,,10845.0,,,2.65,,,7.09,,,,,,,,,,,,,,,,,,,,,,,
d71afc64-797f-11ee-9355-005056921581,2850.0,484.0,-43.0,7.0,,,28.2,,0.0,,4.27,1.0,,0.0,3.75,-46.0,0.39,5.66,,2.86,25.0,,13.0,,,0.0,,,823.0,,392.0,,,400.0,0.0,,,,0.34,,,843.2,,,,,,,,146.0,,,,,160.0,1.0,0.0,0.0,,0.0,5.43,433.0,,,,0.0,0.7,,2607.0,,,,0.0,13025.0,0.0,,,0.0,,,,6.01,,,,0.0,4330.0,,,,,1.0,1.5300000000000002,,126.0,,,226.0,0.0,0.0,,1.0,
d7ac7d6a-4ec4-11ed-8ba0-005056921581,,,,,,,,,,,,,,,,,,7.44,,,,,,,,,,,,,,,,,,,,,,,,,,,,,,,,,,,,,,,,,,,,,,4.43,,,,,,,,,,11910.0,,,,,,,,,,,,,,,,,,,,,,,,,,,,,
d7db52b0-a0a9-11ee-8a84-005056921581,,,,,,,,,,,,,,,,-50.0,,7.78,,,,,,,,,,,,,,,,,,,,,,,,,,,,,,,,,,,,,,,,,,,,,,5.0,2886.0,,,,,,,,,22375.0,,,,,,,,,,,,,,,,,,,,,,,,,,,,,
d83b9c4a-699d-11ed-906f-005056921581,,,,,,,,,,,,,,,,-44.0,,15.55,,,,,,,,,,,,,,,,,,,,,,,,,,,,4.57,,,,,,,,,,,,,,,,,,,,,,,,,,,,121950.0,,,,,,,,,,,,,,,,,,,,,,,,,,,,,
d8942d74-e4c7-11ed-9764-005056921581,,,,,,,,,,,,,,,,-62.0,,7.09,,,,5842.0,,,,,,,,,,,,,,,,,,,,,,,,3.85,,,,,,,,,,,,,,,,,,,,,,,,,,,,12360.0,,,,,,,,,,,,,,,,,,,,,,,,,,,,,
d94052d4-ca19-11ed-9dc9-005056921581,,,,,,,,,,,,,,,,-47.0,,7.6499999999999995,,,,,,,,,,,,,,,,,,,,,,,,,,,,3.74,,,,,,,,,,,,,,,,,,,1498.0,,,,,,,,,22610.0,,,,,,,,,,,,,,,3.11,,,,,,,,,,,,,,
daa2f6ca-a9dd-11ec-9d4e-005056921581,,,,,,,,,,,,,,,,-40.0,,16.23,,,,,,,,,,,,,,,,,,,,,,,,,,,,4.75,,,,,,,,,,,,,,,,,,,,,,,,,,,,372600.0,,,,,,,,,,,,,,,,,,,,,,,,,,,,,
dc7db574-37e6-11ed-9a4d-005056921581,,0.16,,,,,42.27,0.68,,,,,,,,-47.0,,7.43,,,,,,2.84,,,9.23,,,10.0,,20.0,,,,,,,,,,868.1999999999999,,,,5.35,6.69,865.1,,142.0,,,,,,,,,,,,,20.0,,6476.0,,,38.82,,,41.66,,,46000.0,,,6.82,,,7.37,,,,,,,0.094,,,,,,,,,,,239.0,,,,,
dccd2bda-693e-11ec-83a1-005056921581,,0.025,,,,,61.97,0.48,,,,,526.0,,,-42.0,,9.48,,,,,,3.11,,,5.02,,,20.0,,0.0,,,,6.15,1166.0,9.92,,,,868.7,9.59,0.91,0.63,,9.01,865.5,,134.0,228.0,8.58,,,,,,,,,,,10.0,,,,,58.9,,,62.01,,,137700.0,,,5.059999999999999,,,9.49,,,,,3685.0,,,338.0,,,55.86,,,,,0.6879999999999998,,197.0,,,,,
dd08d5ee-4dff-11ed-9a6d-005056921581,,,,,,,,,,,,,,,,-51.0,,7.579999999999999,,,,,,,,,,,,,,,,,,,,,,,,,,,,3.89,,,,,,,,,,,,,,,,,,,1611.0,,,,,,,,,16775.0,,,,,,,,,,,,,,,3.1,,,,,,,,,,,,,,
dde439e0-1263-11ed-8f47-005056921581,,,,,,,,,,,,,,,,-48.0,,7.64,,,,,,,,,,,,,,,,,,,,,,,,,,,,4.98,,,,,,,,,,,,,,,,,,,,,,,,,,,,46575.0,,,,,,,,,,,,,,,5.37,,,,,4.55,,,,,,,,,
e0356eb6-6f3d-11ee-8917-005056921581,,,,,,,,,,,,,,,,-57.0,,7.3,,,,,,,,,,,,,,,,,,,,,,,,,,,,6.680000000000001,,,,,,,,,,,,,,,,,,,,,,,,,,,,7966.0,,,,,,,,,,,,,,,,,,,,,,,,,,,,,
e29b2894-d47d-11ee-81cf-005056921581,,,,,,,,,,,,,,,,-54.0,,7.580000000000001,,,,,,,,,,,,,,,,,,,,,,,,,,,,,,,,,,,,,,,,,,,,,,4.3,2100.0,,,,,,,,,20400.0,,,,,,,,,,,,,,,,,,,,,,,,,,,,,
e3575a32-6d85-11ee-889d-005056921581,,,,,,,197.5,,,,,,,,,-46.0,,24.81,,,,,,,,,,,,,,,,,,,,,,,,,,,,,,,,157.0,,,,,,,,,,,,,,,,,,,,,,,,198300.0,,,,,,,,,,,,,,,,,,,,,,,,,,,,,
e3db8d3a-a614-11ee-9529-005056921581,,,,,,,,,,,,,,,,-41.0,,15.64,,,,,,,,,,,,,,,,,,,,,,,,,,,,,,,,,,,,,,,,,,,,,,,,,,,,,,,,142050.0,,,,,,,,,,,,,,,,,,,,,,,,,,,,,
e472c494-13e8-11ed-94cf-005056921581,,0.168,,,,,,,,,,,,,,-49.0,,7.36,,,,,,,,,,,,20.0,,20.0,,,,,,,,,,,,,,4.98,,,,,,,,,,,,,,,,,20.0,,,,,,,,,,,38060.0,,,,,,,,,,,,,,,5.37,,,,,4.55,,,,,,,,,
e5540900-b186-11ec-9d4e-005056921581,,0.049,,,,,,0.97,,,,,510.0,,,-43.0,,15.19,,,,,,,,,6.39,,,340.0,,390.0,,,,,,,,,,,,,,,14.22,,,,,,,,,,,,,,,,400.0,,,,,,,,,,,115800.0,,,,,,15.19,,,,,3685.0,,,,,0.38,,,,,,,,,,,,,
e5a85c1e-a3af-11ed-9d48-005056921581,,0.185,,,,,,,,,,,,,,-43.0,,16.44,,,,,,,,,,,,10.0,,0.0,,,,,,,,,,848.8,,,,4.28,,845.5,,,,,,,,,,,,,,,0.0,,,,,,,,,,,83845.0,,,,,,,,,,,,,,,,,,,,,,,,,,,,,
e640740e-6beb-11ee-9b39-005056921581,3859.0,1369.0,,12.0,,,19.16,,0.0,,105.69,1.0,,0.0,8.28,,8.38,4.71,,85.99,77.5,,18.0,,,1.0,,,980.0,,392.0,,,,0.0,,,,2.16,,14.0,,,,3.69,,,,,177.0,,,,,170.0,2.0,0.0,0.0,,0.0,104.26,,,,,0.0,0.392,,2067.0,,,,0.0,,0.0,,,0.0,,,,45.47,,,,1.0,,,,,,0.0,19.82,,85.0,,,,0.0,0.0,498850.0,1050.0,
e654bfce-1e15-11ed-94df-005056921581,,,,,,,,,,,,,,,,-51.0,,7.63,,,,,,,,,,,,,,,,,,,,,,,,,,,,4.09,,,,,,,,,,,,,,,,,,,,,,,,,,,,14955.0,,,,,,,,,,,,,,,3.7,,,,,,,,,,,,,,
e716349a-adcd-11ed-996a-005056921581,,,,,,,,,,,,,,,,-42.0,,15.450000000000001,,,,,,,,,,,,,,,,,,,,,,,,,,,,,,,,,,,,,,,,,,,,,,,,,,,,,,,,131300.0,,,,,,,,,,,,,,,,,,,,,,,,,,,,,
e773aefc-f89d-11ed-9df0-005056921581,,,,,,,,0.46,,,,,,,,-58.0,,7.04,,,,,,1.9599999999999997,,,6.53,,,,,,,,,,,,,,,,,,,3.81,6.58,,,,,,,,,,,,,,,,,,,,,31.71,,,33.67,,,8222.0,,,5.82,,,7.04,,,,,,,,,,,,,,,,,,,,,,,
e78f2952-993f-11ec-9673-005056921581,0.334,0.086,,,,,62.42,,,,,,,,,-52.0,,11.01,,,,,,,,,,,,150.0,,160.0,,,,,,,,,,863.1,,,,,,859.9,6350.0,170.0,,9.9,,,,,,,,,,,160.0,,,,,,,9.34,62.42,,,29100.0,,,,,,11.01,,,4710.0,,,,0.23999999999999996,,,,54.61000000000001,,,5.0,,,,222.0,,,,0.104,
e7e69f08-797f-11ee-9355-005056921581,2.0,588.0,-38.0,2.0,,,27.93,,0.0,,4.67,0.0,,0.0,2.46,-41.0,-0.17,5.64,,0.46,25.0,,0.0,,,0.0,,,784.0,,392.0,,,1100.0,0.0,,,,0.23,,,841.7,,,,,,,,147.0,,,,,160.0,0.0,0.0,1.0,,0.0,4.48,423.0,,,,0.0,0.378,,3920.0,,,,0.0,31890.0,0.0,,,0.0,,,,4.08,,,,0.0,4890.0,,,,,0.0,1.25,,126.0,,,230.0,0.0,0.0,,697.0,
e800c690-83b5-11ee-9b0d-005056921581,,,-42.0,,,,,,,,,,,,,-45.0,,11.95,,,120.0,,,,,,,,,0.0,,0.0,,,,,,,,,,,,,,5.0,,,,,,,,,,,,,,,,,0.0,,,,,,,,,,,70100.0,,,,,,,,,,,,,,,,,,,,,3.0,,,,,,,,
ea8eb074-040a-11ed-8557-005056921581,,,,,,,,,,,,,,,,,,14.7,,,,,,,,,,,,,,,,,,,,,,,,,,,,4.89,,,,,,,,,,,,,,,,,,,,,,,,,,,,179850.0,,,,,,,,,,,,,,,,,,,,,,,,,,,,,
f03ab0bc-6168-11ec-803b-005056921581,,,,,,,61.16,,,,,,,,,-42.0,,9.37,,,,,,,,,,,,0.0,,0.0,,,,,,,,,,,,,,,,,,133.0,,,,,,,,,,,,,0.0,,,,,,,,,,,137100.0,,,,,,,,,,,,,,,,,,,,,,,,,,,,,
f24f55dc-0e6b-11ed-8e9d-005056921581,,,,,,,,,,,,,,,,-48.0,,7.87,,,,,,,,,,,,,,,,,,,,,,,,,,,,5.5,,,,,,,,,,,,,,,,,,,,,,,,,,,,61850.0,,,,,,,,,,,,,,,5.37,,,,,5.640000000000001,,,,,,,,,
f2703df4-4df6-11ed-9a6d-005056921581,,,,,,,,,,,,,,,,-44.0,,17.96,,,,,,,,,,,,,,,,,,,,,,,,,,,,,,,,,,,,,,,,,,,,,,,,,,,,,,,,189900.0,,,,,,,,,,,,,,,,,,,,,,,,,,,,,
f2e31c9a-8071-11ed-990b-005056921581,,,,,,,,,,,,,,,,-63.0,,7.7700000000000005,,,,,,,,,,,,,,,,,,,,,,,,,,,,,,,,,,,,,,,,,,,,,,4.19,,,,,,,,,,6716.0,,,,,,,,,,,,,,,,,,,,,,,,,,,,,
f320857e-dce9-11ed-803e-005056921581,,,,,,,,,,,,,,,,-39.0,,15.4,,,,,,,,,,,,,,,,,,,,,,,,,,,,,,,,,,,,,,,,,,,,,,,,,,,,,,,,103100.0,,,,,,,,,,,,,,,,,,,,,,,,,,,,,
f33ce86a-c5a3-11ee-9962-005056921581,,,,,,,,,,,,,,,,-47.0,,14.9,,,,,,,,,,,,,,,,,,,,,,,,,,,,,,,,,,,,,,,,,,,,,,,,,,,,,,,,55635.0,,,,,,,,,,,,,,,,,,,,,,,,,,,,,
f3bbe0c2-ea55-11ed-9b5d-005056921581,,,,,,,,,,,,,,,,-52.0,,6.859999999999999,,,,3768.0,,,,,,,,,,,,,,,,,,,,,,,,3.88,,,,,,,,,,,,,,,,,,,,,,,,,,,,11040.0,,,,,,,,,,,,,,,,,,,,,,,,,,,,,
f4d0214e-5f36-11ed-855c-005056921581,,,,,,,93.02,,,,0.27,,,,1.41,-41.0,0.27,14.040000000000001,,1.17,,,,,,,,,,,,,,,,,,,0.72,,,,,,,,,,,155.0,,,,,,,,,,,6.120000000000001,,,6.33,,,,,,,,,,132900.0,,,,,,,,5.13,,,,,,,,,,,5.69,,,,,,,,,,
f52315b4-b25e-11ec-8ff7-005056921581,,,,,,,,,,,,,,,,-41.0,,15.31,,,,,,,,,,,,,,,,,,,,,,,,,,,,4.77,,,,,,,,,,,,,,,,,,,,,,,,,,,,131000.0,,,,,,,,,,,,,,,,,,,,,,,,,,,,,
f8251050-7260-11ee-82d1-005056921581,,,-44.0,,,,,,,,,,,,,-47.0,,12.49,,,120.0,,,,,,,,,10.0,,0.0,,,,,,,,,,,,,,5.0,,,,,,,,,,,,,,,,,0.0,,,,,,,,,,,69975.0,,,,,,,,,,,,,,,,,,,,,3.0,,,,,,,,
f9a8223a-0cf1-11ed-87b0-005056921581,,,,,,,,,,,,,,,,,,7.6,,,,,,,,,,,,,,,,,,,,,,,,,,,,4.1,,,,,,,,,,,,,,,,,,,,,,,,,,,,18195.0,,,,,,,,,,,,,,,3.7,,,,,,,,,,,,,,
fb57b4fe-632f-11ec-8eb2-005056921581,,,,,,,,,,,,,,,,-52.0,,7.33,,,,,,,,,,,,,,,,,,,,,,,,,,,,,,,,,,,,,,,,,,,,,,,,,,,,,,,,16315.0,,,,,,,,,,,,,,,,,,,,,,,,,,,,,
fb583e86-4de6-11ed-9a6d-005056921581,,,,,,,97.21,,,,3.88,,,,1.61,-41.0,0.34,14.73,,2.0,,,,,,,,,,,,,,,,,,,0.10999999999999999,,,,,,,,,,,,,,,,,,,,,,1.12,,,6.22,,,,,,,,,,138400.0,,,,,,,,0.75,,,,,,,,,,,1.09,,,,,,,,,,
fbc44952-0f2d-11ed-9900-005056921581,,,,,,,,,,,,,,,,-50.0,,7.639999999999999,,,,,,,,,,,,20.0,,20.0,,,,,,,,,,,,,,4.32,,,,,,,,,,,,,,,,,20.0,,,,,,,,,,,18175.0,,,,,,,,,,,,,,,4.0,,,,,,,,,,,,,,
fc68e5c8-b25f-11ec-8ff7-005056921581,,,,,,,,,,,,,,,,-41.0,,15.72,,,,,,,,,,,,,,,,,,,,,,,,,,,,4.76,,,,,,,,,,,,,,,,,,,,,,,,,,,,131000.0,,,,,,,,,,,,,,,,,,,,,,,,,,,,,
fd893206-5e3a-11ec-803b-005056921581,,,,,,,62.85,,,,,,,,,-52.0,,11.49,,,,,,,,,,,,,,,,,,,,,,,,,,,,,,,5710.0,180.0,,,,,,,,,,,,,,,,,,,,,,,,23500.0,,,,,,,,,3920.0,,,,,,,,,,,7.0,,,,,,,,,
fd96a6a2-b0fb-11ec-9d4e-005056921581,,,,,,,,,,,,,560.0,,,-42.0,,15.69,,,,,,,,,,,,,,,,,,,,,,,,,,,,,,,,,,,,,,,,,,,,,,,,,,,,,,,,134400.0,,,,,,,,,,,3685.0,,,,,,,,,,,,,,,,,,
fe2c1c0a-4f84-11ed-93f9-005056921581,,,,,,,98.77,,,,8.22,,,,1.23,-42.0,0.01,14.77,,3.43,,,,,,,,,,,,,,,,,,,2.39,,,,,,,,,,,,,,,,,,,,,,22.63,,,6.21,,,,,,,,,,112900.0,,,,,,,,16.18,,,,,,,,,,,22.35,,,,,,,,,,
fe497da4-4ac5-11ed-8f31-005056921581,,0.164,,,,,,,,,,,,,,-48.0,,7.360000000000001,,,,,,,,,,,,20.0,,30.0,,,,,,,,,,867.9,,,,5.22,,864.8,,146.0,,,,,,,,,,,,,10.0,,5991.0,,,,,,,,,33510.0,,,,,,,,,,,,,,,,,,,,,,,,,,,,,
fe8635a0-1262-11ed-8f47-005056921581,,,,,,,,,,,,,,,,-48.0,,7.309999999999999,,,,,,,,,,,,,,,,,,,,,,,,,,,,5.0,,,,,,,,,,,,,,,,,,,,,,,,,,,,17140.0,,,,,,,,,,,,,,,,,,,,,,,,,,,,,
